name,require_risk_filter,T_enter,C_enter,R_max,symbol,window,n_trades,total_return,sharpe,max_dd
composite_T50_C50_noR,False,50.0,50.0,99.0,UK100,1,43,-0.18181443228615457,-2.2395248529454506,-0.18181443228615457
composite_T50_C50_noR,False,50.0,50.0,99.0,UK100,0,53,-0.13052357921279834,-1.341329293734448,-0.1448287166581036
composite_T50_C50_noR,False,50.0,50.0,99.0,UK100,2,41,-0.10295490330022461,-0.9656970479855486,-0.11767183434262396
composite_T50_C50_noR,False,50.0,50.0,99.0,DAX40,0,46,-0.05408553801169258,-0.4726184621066473,-0.09328891799773154
composite_T50_C50_noR,False,50.0,50.0,99.0,DAX40,1,34,-0.07373384267630823,-0.7831267941538039,-0.08990439980887055
composite_T50_C50_noR,False,50.0,50.0,99.0,DAX40,2,40,-0.11120470649913261,-0.9943186819505667,-0.1253246307239103
composite_T50_C50_noR,False,50.0,50.0,99.0,UK100,3,84,-0.07369968019758977,-0.3591798488144551,-0.1287723015832013
composite_T50_C50_noR,False,50.0,50.0,99.0,CAC40,1,37,-0.10140430309963744,-0.9977597410976772,-0.10874382733905341
composite_T50_C50_noR,False,50.0,50.0,99.0,CAC40,0,49,-0.09896214820928928,-0.9753555014291648,-0.12265509644902661
composite_T50_C50_noR,False,50.0,50.0,99.0,CAC40,2,46,-0.08869081382211186,-0.8047358029964188,-0.10681016478521221
composite_T50_C50_noR,False,50.0,50.0,99.0,IBEX35,1,27,-0.07859190261874138,-1.2379389066957087,-0.0848857021271181
composite_T50_C50_noR,False,50.0,50.0,99.0,IBEX35,0,47,-0.10536767755938092,-1.1363622118321453,-0.12237359278859739
composite_T50_C50_noR,False,50.0,50.0,99.0,DAX40,3,92,-0.014641055735474584,-0.04043783247899907,-0.07710560778945985
composite_T50_C50_noR,False,50.0,50.0,99.0,IBEX35,2,35,-0.09453163421392241,-1.139629254235186,-0.11241398083407061
composite_T50_C50_noR,False,50.0,50.0,99.0,CAC40,3,82,-0.18954411012146943,-1.091730984869813,-0.2167658607572397
composite_T50_C50_noR,False,50.0,50.0,99.0,FTSE250,1,35,-0.09883675614242804,-1.0352673953817213,-0.09883675614242804
composite_T50_C50_noR,False,50.0,50.0,99.0,FTSE250,0,46,-0.034244584605659156,-0.2911588250516696,-0.07919071548003664
composite_T50_C50_noR,False,50.0,50.0,99.0,FTSE250,2,37,-0.05902658301090702,-0.5461707121545106,-0.06732159513662317
composite_T50_C50_noR,False,50.0,50.0,99.0,UK100_ETF,1,40,-0.1716229509590972,-2.0074163025424543,-0.17598770440810985
composite_T50_C50_noR,False,50.0,50.0,99.0,UK100_ETF,0,58,-0.1610501807674265,-1.6059819954626877,-0.164608436210694
composite_T50_C50_noR,False,50.0,50.0,99.0,IBEX35,3,91,0.05470987492446899,0.2548141137460126,-0.06735915127889935
composite_T50_C50_Rmax5,True,50.0,50.0,5.0,UK100,0,19,-0.06846942617101448,-0.9372374689528149,-0.10177484302400552
composite_T50_C50_Rmax5,True,50.0,50.0,5.0,UK100,1,15,-0.0804702513265878,-1.4367281879778142,-0.0882997758129459
composite_T50_C50_noR,False,50.0,50.0,99.0,FTSE250,3,84,-0.13031530471375485,-0.6871495516864803,-0.13768799738493542
composite_T50_C50_noR,False,50.0,50.0,99.0,UK100_ETF,2,40,-0.09240300361812481,-0.9469046906709242,-0.11402581896572939
composite_T50_C50_Rmax5,True,50.0,50.0,5.0,UK100,2,20,-0.093232208860621,-1.1579292894567825,-0.093232208860621
composite_T50_C50_Rmax5,True,50.0,50.0,5.0,DAX40,0,15,0.018078076848242253,0.2765371253747159,-0.027617145465024806
composite_T50_C50_Rmax5,True,50.0,50.0,5.0,DAX40,1,11,-0.027278062007910053,-0.47604150385669736,-0.040450932709075293
composite_T50_C50_Rmax5,True,50.0,50.0,5.0,UK100,3,40,-0.05406356619625419,-0.3330555472127859,-0.06397198586357722
composite_T50_C50_Rmax5,True,50.0,50.0,5.0,DAX40,2,28,-0.12411315040983795,-1.3231912432558541,-0.14955395100237445
composite_T50_C50_Rmax5,True,50.0,50.0,5.0,CAC40,0,14,-0.04679713656932383,-0.7865564308792294,-0.05581124181367769
composite_T50_C50_Rmax5,True,50.0,50.0,5.0,CAC40,1,16,-0.10448181866821526,-1.4304861703856728,-0.10802485679627383
composite_T50_C50_noR,False,50.0,50.0,99.0,UK100_ETF,3,89,-0.11663808730714376,-0.6617182379187804,-0.1523807336536358
composite_T50_C50_Rmax5,True,50.0,50.0,5.0,IBEX35,0,14,-0.030916855630996776,-0.4617749039989009,-0.06792326058372122
composite_T50_C50_Rmax5,True,50.0,50.0,5.0,CAC40,2,20,-0.08038975695374828,-1.0501374384826498,-0.08624197649708709
composite_T50_C50_Rmax5,True,50.0,50.0,5.0,DAX40,3,41,-0.02005723931315917,-0.10250413627896476,-0.09292291347744985
composite_T50_C50_Rmax5,True,50.0,50.0,5.0,IBEX35,1,14,-0.06247134510735253,-1.1216257562636651,-0.07309478238079692
composite_T50_C50_Rmax5,True,50.0,50.0,5.0,CAC40,3,30,-0.058379542427442366,-0.4392802442538804,-0.07350130467468974
composite_T50_C50_Rmax5,True,50.0,50.0,5.0,IBEX35,2,18,-0.06820975849697786,-0.9605921087890643,-0.08406725825515193
composite_T50_C50_Rmax5,True,50.0,50.0,5.0,FTSE250,1,21,-0.11323331367595824,-1.7212217327206183,-0.12063570479483299
composite_T50_C50_Rmax5,True,50.0,50.0,5.0,FTSE250,0,18,-0.01849968100300048,-0.24003240426987654,-0.0846866142896131
composite_T50_C50_Rmax5,True,50.0,50.0,5.0,FTSE250,2,22,-0.07805304855504291,-1.0017443857210975,-0.08334894107114432
composite_T50_C50_Rmax5,True,50.0,50.0,5.0,UK100_ETF,0,19,-0.11476381328993535,-1.569414790576305,-0.13172047664036468
composite_T50_C50_Rmax5,True,50.0,50.0,5.0,UK100_ETF,1,17,-0.08578079549643369,-1.260092064033222,-0.08578079549643369
composite_T50_C50_Rmax5,True,50.0,50.0,5.0,IBEX35,3,41,0.09035939108546476,0.5624935923035708,-0.046312680748262225
composite_T50_C50_Rmax5,True,50.0,50.0,5.0,UK100_ETF,2,20,-0.11397696129125812,-1.4644718475438687,-0.11516041131745192
composite_T50_C50_Rmax5,True,50.0,50.0,5.0,FTSE250,3,40,-0.05897878581575278,-0.39858832556223817,-0.06694892347892178
composite_T50_C50_Rmax15,True,50.0,50.0,15.0,UK100,1,35,-0.16824675860588012,-1.9908720147294179,-0.16824675860588012
composite_T50_C50_Rmax15,True,50.0,50.0,15.0,UK100,0,46,-0.10316701662696448,-1.0218853692615195,-0.11719356623805322
composite_T50_C50_Rmax5,True,50.0,50.0,5.0,UK100_ETF,3,40,-0.02192429183503497,-0.14513597621367866,-0.06177966707763127
composite_T50_C50_Rmax15,True,50.0,50.0,15.0,UK100,2,36,-0.11622722961915788,-1.1442003745592748,-0.1275748385280333
composite_T50_C50_Rmax15,True,50.0,50.0,15.0,DAX40,1,29,-0.05593866916150381,-0.5903118132927114,-0.08150293728427027
composite_T50_C50_Rmax15,True,50.0,50.0,15.0,DAX40,0,44,-0.04798294949958781,-0.4084397367446367,-0.1128409427697632
composite_T50_C50_Rmax15,True,50.0,50.0,15.0,DAX40,2,39,-0.10922896604571486,-0.983126579427364,-0.12338027804413865
composite_T50_C50_Rmax15,True,50.0,50.0,15.0,UK100,3,79,-0.10958590572235138,-0.5494141149146312,-0.15925315747752455
composite_T50_C50_Rmax15,True,50.0,50.0,15.0,CAC40,1,35,-0.12660092218694485,-1.2507960774015021,-0.1337346462014315
composite_T50_C50_Rmax15,True,50.0,50.0,15.0,CAC40,0,45,-0.07708438567384401,-0.7643652075120874,-0.1347386154980702
composite_T50_C50_Rmax15,True,50.0,50.0,15.0,CAC40,2,40,-0.1213978244734284,-1.111619637510299,-0.12698907670372572
composite_T50_C50_Rmax15,True,50.0,50.0,15.0,DAX40,3,82,-0.043878213573051106,-0.17503178594022953,-0.11474120092885054
composite_T50_C50_Rmax15,True,50.0,50.0,15.0,IBEX35,0,41,-0.0872090223827372,-0.967537677446812,-0.1235502938575419
composite_T50_C50_Rmax15,True,50.0,50.0,15.0,IBEX35,1,24,-0.09431451741509012,-1.4153775166688967,-0.09865835981592852
composite_T50_C50_Rmax15,True,50.0,50.0,15.0,IBEX35,2,34,-0.11667341665740572,-1.3616466312734024,-0.13526003150426213
composite_T50_C50_Rmax15,True,50.0,50.0,15.0,CAC40,3,76,-0.19239894916358646,-1.1013659539138474,-0.22906407879320434
composite_T50_C50_Rmax15,True,50.0,50.0,15.0,FTSE250,1,32,-0.0991377813904355,-1.0682497637596864,-0.10174400747799794
composite_T50_C50_Rmax15,True,50.0,50.0,15.0,FTSE250,0,43,-0.05681216750833007,-0.507661344238923,-0.0995948250273121
composite_T50_C50_Rmax15,True,50.0,50.0,15.0,FTSE250,2,37,-0.0888449091796949,-0.8704626904961812,-0.094078810565149
composite_T50_C50_Rmax15,True,50.0,50.0,15.0,UK100_ETF,1,32,-0.13989895721710488,-1.6304276182449582,-0.14443086572100716
composite_T50_C50_Rmax15,True,50.0,50.0,15.0,UK100_ETF,0,50,-0.18074206096565448,-1.6636757281423713,-0.18798957061179644
composite_T50_C50_Rmax15,True,50.0,50.0,15.0,IBEX35,3,77,0.10736560984327981,0.47487335884331155,-0.0546810805276029
composite_T50_C50_Rmax15,True,50.0,50.0,15.0,FTSE250,3,68,-0.07943046372635332,-0.39930141703789646,-0.1114848683894557
composite_T50_C50_Rmax15,True,50.0,50.0,15.0,UK100_ETF,2,37,-0.13060022475814126,-1.3376924552746574,-0.13413964694430247
composite_T50_C60_noR,False,50.0,60.0,99.0,UK100,0,52,-0.09575991058738131,-1.0847010826983483,-0.10329606716372253
composite_T50_C60_noR,False,50.0,60.0,99.0,UK100,1,33,-0.1243084008815456,-1.6714531625675608,-0.1243084008815456
composite_T50_C60_noR,False,50.0,60.0,99.0,UK100,2,39,-0.09121948070491837,-1.0258155098656154,-0.11073618144182928
composite_T50_C50_Rmax15,True,50.0,50.0,15.0,UK100_ETF,3,75,-0.05923252132240919,-0.3206079307195024,-0.10900051993840298
composite_T50_C60_noR,False,50.0,60.0,99.0,DAX40,0,43,-0.022325290364067607,-0.20954268548949628,-0.07401880755801704
composite_T50_C60_noR,False,50.0,60.0,99.0,DAX40,1,30,-0.03588521239028686,-0.4541196229710306,-0.05753423152932069
composite_T50_C60_noR,False,50.0,60.0,99.0,UK100,3,92,-0.1045694015371027,-0.5770476463504767,-0.13361012689885676
composite_T50_C60_noR,False,50.0,60.0,99.0,DAX40,2,38,-0.118446278610855,-1.3195582148298335,-0.13245115896643866
composite_T50_C60_noR,False,50.0,60.0,99.0,CAC40,0,44,-0.0472914628823502,-0.49543726129063254,-0.07656412108983457
composite_T50_C60_noR,False,50.0,60.0,99.0,CAC40,1,36,-0.0977087679418468,-1.1008983262081413,-0.0977087679418468
composite_T50_C60_noR,False,50.0,60.0,99.0,CAC40,2,41,-0.09012703450276227,-0.9528202544683151,-0.11177862133420935
composite_T50_C60_noR,False,50.0,60.0,99.0,IBEX35,1,22,-0.06881921114999678,-1.2478256041708828,-0.08150142574707953
composite_T50_C60_noR,False,50.0,60.0,99.0,DAX40,3,94,-0.05342137218169829,-0.2580017401983468,-0.10538055446710615
composite_T50_C60_noR,False,50.0,60.0,99.0,IBEX35,0,41,-0.06952769964891392,-0.8109315400380345,-0.09361933051971871
composite_T50_C60_noR,False,50.0,60.0,99.0,IBEX35,2,31,-0.07476948989221022,-1.0414397278761742,-0.09722751848731914
composite_T50_C60_noR,False,50.0,60.0,99.0,CAC40,3,77,-0.18407264552492109,-1.1756174432901634,-0.19613927960621114
composite_T50_C60_noR,False,50.0,60.0,99.0,FTSE250,0,48,-0.019473380533791662,-0.1776916589336801,-0.061254580172992124
composite_T50_C60_noR,False,50.0,60.0,99.0,FTSE250,1,34,-0.09663310670649428,-1.1030383326467352,-0.1031180949616799
composite_T50_C60_noR,False,50.0,60.0,99.0,FTSE250,2,32,-0.008763162323856655,-0.0749438782623865,-0.05559799976336799
composite_T50_C60_noR,False,50.0,60.0,99.0,UK100_ETF,1,36,-0.14484207147298112,-1.8431888355829824,-0.14934793450034323
composite_T50_C60_noR,False,50.0,60.0,99.0,IBEX35,3,93,-0.015487096083719898,-0.046231593006016,-0.08936926768841869
composite_T50_C60_noR,False,50.0,60.0,99.0,UK100_ETF,0,49,-0.13237583061155733,-1.4957978000588417,-0.13848976104526933
composite_T50_C60_Rmax5,True,50.0,60.0,5.0,UK100,0,18,-0.06693681150006725,-0.9578751125435132,-0.10029702459048173
composite_T50_C60_noR,False,50.0,60.0,99.0,FTSE250,3,78,-0.12274367117040041,-0.7292877303577826,-0.12883173632356215
composite_T50_C60_Rmax5,True,50.0,60.0,5.0,UK100,1,11,-0.048461487083347854,-0.9111163765535368,-0.05656355675248237
composite_T50_C60_noR,False,50.0,60.0,99.0,UK100_ETF,2,40,-0.0779241921703071,-0.891034647464244,-0.10093898821134817
composite_T50_C60_Rmax5,True,50.0,60.0,5.0,UK100,2,17,-0.08363133697603842,-1.0961831690712087,-0.08869107395108511
composite_T50_C60_Rmax5,True,50.0,60.0,5.0,DAX40,0,14,0.01991560052313268,0.3111766344441436,-0.025862096852449667
composite_T50_C60_Rmax5,True,50.0,60.0,5.0,DAX40,1,10,-0.02877038260321063,-0.5381584206308274,-0.04378833401505089
composite_T50_C60_Rmax5,True,50.0,60.0,5.0,DAX40,2,25,-0.15113084334378268,-1.7880924247500272,-0.1690294269042638
composite_T50_C60_Rmax5,True,50.0,60.0,5.0,UK100,3,38,-0.069024828546557,-0.45309920130022574,-0.08592152663018926
composite_T50_C60_noR,False,50.0,60.0,99.0,UK100_ETF,3,96,-0.1286047398846908,-0.8183130914449832,-0.1530261370629894
composite_T50_C60_Rmax5,True,50.0,60.0,5.0,CAC40,0,14,-0.053741550769247026,-0.9147724124704227,-0.06268998512353141
composite_T50_C60_Rmax5,True,50.0,60.0,5.0,CAC40,1,13,-0.06970451971189473,-1.003230151115413,-0.07813220711966062
composite_T50_C60_Rmax5,True,50.0,60.0,5.0,CAC40,2,19,-0.08468985514338123,-1.1928783523376358,-0.08468985514338123
composite_T50_C60_Rmax5,True,50.0,60.0,5.0,DAX40,3,39,-0.028460942307992232,-0.1805117396045105,-0.08607717135521087
composite_T50_C60_Rmax5,True,50.0,60.0,5.0,IBEX35,0,13,-0.023590886081818696,-0.3568882596947599,-0.06087704803721472
composite_T50_C60_Rmax5,True,50.0,60.0,5.0,IBEX35,1,12,-0.08710505891780906,-1.7111056911399853,-0.08989533824676443
composite_T50_C60_Rmax5,True,50.0,60.0,5.0,IBEX35,2,15,-0.042339746726146266,-0.6524456977327419,-0.05863751049131205
composite_T50_C60_Rmax5,True,50.0,60.0,5.0,CAC40,3,26,-0.05515302779365305,-0.42770962912768,-0.058276407967400634
composite_T50_C60_Rmax5,True,50.0,60.0,5.0,FTSE250,0,16,-0.018794969226536673,-0.2663971611163854,-0.08019651771673708
composite_T50_C60_Rmax5,True,50.0,60.0,5.0,FTSE250,1,17,-0.09621669259562837,-1.571733897221297,-0.10376113199698944
composite_T50_C60_Rmax5,True,50.0,60.0,5.0,FTSE250,2,18,-0.08757440704831954,-1.201212355035387,-0.08757440704831954
composite_T50_C60_Rmax5,True,50.0,60.0,5.0,IBEX35,3,37,0.05247054589288269,0.3588111186060557,-0.04700735560536229
composite_T50_C60_Rmax5,True,50.0,60.0,5.0,UK100_ETF,0,17,-0.10522638695191622,-1.504932560214626,-0.1223657393180807
composite_T50_C60_Rmax5,True,50.0,60.0,5.0,UK100_ETF,1,14,-0.06888707520551252,-1.1531811257033386,-0.06888707520551252
composite_T50_C60_Rmax5,True,50.0,60.0,5.0,FTSE250,3,37,-0.11814002147373792,-0.9319533720132785,-0.1242885504870972
composite_T50_C60_Rmax5,True,50.0,60.0,5.0,UK100_ETF,2,17,-0.102274112127401,-1.4178860237655595,-0.11390158547700668
composite_T50_C60_Rmax15,True,50.0,60.0,15.0,UK100,1,26,-0.10868645117881437,-1.3965423864386253,-0.10868645117881437
composite_T50_C60_Rmax15,True,50.0,60.0,15.0,UK100,0,42,-0.11910934919138982,-1.2898955224438224,-0.12873568607828312
composite_T50_C60_Rmax5,True,50.0,60.0,5.0,UK100_ETF,3,39,-0.049510099647555594,-0.36951337622560965,-0.06779280625620188
composite_T50_C60_Rmax15,True,50.0,60.0,15.0,UK100,2,31,-0.11206275168810387,-1.2102679716700548,-0.12911887487816853
composite_T50_C60_Rmax15,True,50.0,60.0,15.0,DAX40,1,24,-0.048060155120517645,-0.5437341215759677,-0.0763080745332243
composite_T50_C60_Rmax15,True,50.0,60.0,15.0,DAX40,0,39,-0.048143325041913654,-0.45345323718982833,-0.09917569934485027
composite_T50_C60_Rmax15,True,50.0,60.0,15.0,DAX40,2,34,-0.13955123183566354,-1.4033068219587563,-0.1532208265045646
composite_T50_C60_Rmax15,True,50.0,60.0,15.0,UK100,3,72,-0.1413168362012004,-0.7595669477756997,-0.18074812155073805
composite_T50_C60_Rmax15,True,50.0,60.0,15.0,CAC40,1,30,-0.11680091266378145,-1.2415550853885144,-0.1240146809158379
composite_T50_C60_Rmax15,True,50.0,60.0,15.0,CAC40,0,38,-0.08891863817245271,-0.9991392758530068,-0.12316788137280299
composite_T50_C60_Rmax15,True,50.0,60.0,15.0,CAC40,2,36,-0.15011151882813634,-1.5358133425931595,-0.15011151882813634
composite_T50_C60_Rmax15,True,50.0,60.0,15.0,IBEX35,0,35,-0.07222057590904463,-0.8312786324461555,-0.10769766506095091
composite_T50_C60_Rmax15,True,50.0,60.0,15.0,DAX40,3,72,-0.03097224018786815,-0.13087547762443338,-0.0952242152137831
composite_T50_C60_Rmax15,True,50.0,60.0,15.0,IBEX35,1,21,-0.11267537793259075,-1.8464018960311586,-0.11538750113495255
composite_T50_C60_Rmax15,True,50.0,60.0,15.0,CAC40,3,62,-0.17898066399957968,-1.0829975573724984,-0.20651147902785028
composite_T50_C60_Rmax15,True,50.0,60.0,15.0,IBEX35,2,27,-0.10688108634764193,-1.3779557013883683,-0.12208046527053984
composite_T50_C60_Rmax15,True,50.0,60.0,15.0,FTSE250,0,37,-0.015477172234350856,-0.12630445428125198,-0.0686142775432248
composite_T50_C60_Rmax15,True,50.0,60.0,15.0,FTSE250,1,29,-0.11174336091443349,-1.2738896673496045,-0.11174336091443349
composite_T50_C60_Rmax15,True,50.0,60.0,15.0,FTSE250,2,31,-0.06758516990379215,-0.6926997685487851,-0.07967371391464906
composite_T50_C60_Rmax15,True,50.0,60.0,15.0,UK100_ETF,1,29,-0.14254542301068374,-1.8288404687359672,-0.14780836978041634
composite_T50_C60_Rmax15,True,50.0,60.0,15.0,UK100_ETF,0,41,-0.15775114536152834,-1.6889679991049849,-0.1677887804577004
composite_T50_C60_Rmax15,True,50.0,60.0,15.0,IBEX35,3,71,0.03331379782168886,0.1760661751349864,-0.0728241143194287
composite_T50_C60_Rmax15,True,50.0,60.0,15.0,FTSE250,3,61,-0.12387258804686807,-0.6976363499288185,-0.14551207023736956
composite_T50_C60_Rmax15,True,50.0,60.0,15.0,UK100_ETF,2,33,-0.13257525480068488,-1.4704694951852806,-0.14432689444379765
composite_T50_C70_noR,False,50.0,70.0,99.0,UK100,0,42,-0.06984493623986965,-1.0747168970558527,-0.07583585157190653
composite_T50_C70_noR,False,50.0,70.0,99.0,UK100,1,25,-0.08997925718116262,-1.5011046527803313,-0.08997925718116262
composite_T50_C70_noR,False,50.0,70.0,99.0,UK100,2,44,-0.10229769005725242,-1.4466110163210908,-0.10779459323885543
composite_T50_C70_noR,False,50.0,70.0,99.0,DAX40,0,51,-0.027107843916566843,-0.33543227311834184,-0.06089192356234663
composite_T50_C70_noR,False,50.0,70.0,99.0,DAX40,1,22,-0.020970488011226363,-0.4205008014473203,-0.04744896359332251
composite_T50_C60_Rmax15,True,50.0,60.0,15.0,UK100_ETF,3,70,-0.16499195818902668,-0.8514926164013363,-0.1939602050453626
composite_T50_C70_noR,False,50.0,70.0,99.0,DAX40,2,39,-0.06844407805035613,-1.078799463055233,-0.08832203810271899
composite_T50_C70_noR,False,50.0,70.0,99.0,UK100,3,80,-0.05211069943636215,-0.3349551694473128,-0.09938413255011369
composite_T50_C70_noR,False,50.0,70.0,99.0,CAC40,1,29,-0.09493073411230057,-1.3242845401261192,-0.09493073411230057
composite_T50_C70_noR,False,50.0,70.0,99.0,CAC40,0,36,-0.0385164059478349,-0.6187045397350669,-0.05169265582490634
composite_T50_C70_noR,False,50.0,70.0,99.0,CAC40,2,34,-0.009476518109226895,-0.12335236274957875,-0.05171595320696554
composite_T50_C70_noR,False,50.0,70.0,99.0,IBEX35,1,13,-0.051955014251260256,-1.243194792103475,-0.054890258913762535
composite_T50_C70_noR,False,50.0,70.0,99.0,DAX40,3,88,-0.05079215298410367,-0.2953983505370238,-0.08027003726745363
composite_T50_C70_noR,False,50.0,70.0,99.0,IBEX35,0,30,0.019117512733857867,0.30228131938016717,-0.03698123554762267
composite_T50_C70_noR,False,50.0,70.0,99.0,IBEX35,2,30,-0.0680512430816379,-1.172679739021001,-0.07473220875166042
composite_T50_C70_noR,False,50.0,70.0,99.0,CAC40,3,69,-0.12184487768705876,-0.9678161647489107,-0.14285853727318787
composite_T50_C70_noR,False,50.0,70.0,99.0,FTSE250,1,31,-0.08022080331434878,-1.3301650576374942,-0.08022080331434878
composite_T50_C70_noR,False,50.0,70.0,99.0,FTSE250,0,37,0.040330907356075585,0.5117012199057513,-0.04502550368462688
composite_T50_C70_noR,False,50.0,70.0,99.0,FTSE250,2,33,-0.005656726119967259,-0.06417489062307861,-0.026009297481267568
composite_T50_C70_noR,False,50.0,70.0,99.0,UK100_ETF,1,28,-0.08742844106186398,-1.477993918352495,-0.08742844106186398
composite_T50_C70_noR,False,50.0,70.0,99.0,UK100_ETF,0,42,-0.08784716140125837,-1.3162581124275146,-0.09944090071225398
composite_T50_C70_noR,False,50.0,70.0,99.0,IBEX35,3,85,0.044319805571429116,0.27821029087868354,-0.05938326239902514
composite_T50_C70_noR,False,50.0,70.0,99.0,FTSE250,3,63,-0.10523603982081309,-0.839017771993725,-0.11574970921511818
composite_T50_C70_Rmax5,True,50.0,70.0,5.0,UK100,1,6,-0.02081651835806697,-0.4899265607036349,-0.029327933665603045
composite_T50_C70_Rmax5,True,50.0,70.0,5.0,UK100,0,13,-0.06392984071934937,-1.1011526095438329,-0.09486403558033851
composite_T50_C70_noR,False,50.0,70.0,99.0,UK100_ETF,2,43,-0.08718836996440804,-1.4190183228428797,-0.08869792998638204
composite_T50_C70_Rmax5,True,50.0,70.0,5.0,UK100,2,15,-0.07128776853483254,-1.0350573040664435,-0.07877756516708911
composite_T50_C70_Rmax5,True,50.0,70.0,5.0,DAX40,0,12,-0.01295882115540714,-0.19816783276409125,-0.047506718761095024
composite_T50_C70_Rmax5,True,50.0,70.0,5.0,DAX40,1,5,-0.01784397056776199,-0.45284074034894967,-0.04180419620288034
composite_T50_C70_Rmax5,True,50.0,70.0,5.0,DAX40,2,22,-0.17887329163837606,-2.3301948367270815,-0.19413453949947423
composite_T50_C70_noR,False,50.0,70.0,99.0,UK100_ETF,3,78,-0.05845064997061822,-0.41939169316835334,-0.10287312729709319
composite_T50_C70_Rmax5,True,50.0,70.0,5.0,UK100,3,31,-0.04979739636014513,-0.3564418781586065,-0.07507219061511605
composite_T50_C70_Rmax5,True,50.0,70.0,5.0,CAC40,0,10,-0.03984336985656556,-0.7695470832906053,-0.048524563043863767
composite_T50_C70_Rmax5,True,50.0,70.0,5.0,CAC40,1,9,-0.08664446264648062,-1.5208199056894327,-0.09025807268899755
composite_T50_C70_Rmax5,True,50.0,70.0,5.0,CAC40,2,12,-0.041169046496232986,-0.6761155389690963,-0.04633762682513598
composite_T50_C70_Rmax5,True,50.0,70.0,5.0,DAX40,3,30,-0.010927702286299246,-0.06921982182372534,-0.0682537368698869
composite_T50_C70_Rmax5,True,50.0,70.0,5.0,IBEX35,0,9,-0.0034148948824466174,-0.04925894922549078,-0.0399286427372062
composite_T50_C70_Rmax5,True,50.0,70.0,5.0,IBEX35,1,9,-0.0844387343348082,-1.9177186988243173,-0.08727340606308609
composite_T50_C70_Rmax5,True,50.0,70.0,5.0,IBEX35,2,10,-0.04337169686326181,-0.8795191337993207,-0.05205142050899514
composite_T50_C70_Rmax5,True,50.0,70.0,5.0,CAC40,3,22,-0.07866262091071752,-0.7424849587296639,-0.08819583390967134
composite_T50_C70_Rmax5,True,50.0,70.0,5.0,FTSE250,0,12,0.010003574867003096,0.18505685835820712,-0.040986213042473074
composite_T50_C70_Rmax5,True,50.0,70.0,5.0,FTSE250,1,13,-0.0758743864097523,-1.4873198976582165,-0.0849458097702438
composite_T50_C70_Rmax5,True,50.0,70.0,5.0,FTSE250,2,11,-0.021866935512391716,-0.39662855079444975,-0.03429633261083609
composite_T50_C70_Rmax5,True,50.0,70.0,5.0,UK100_ETF,0,12,-0.07865814892200962,-1.2334758413773936,-0.10145951859426405
composite_T50_C70_Rmax5,True,50.0,70.0,5.0,UK100_ETF,1,9,-0.048393957568447,-0.9315961154941693,-0.048393957568447
composite_T50_C70_Rmax5,True,50.0,70.0,5.0,IBEX35,3,30,0.04864407988015862,0.36807990259689455,-0.042907111481861326
composite_T50_C70_Rmax5,True,50.0,70.0,5.0,FTSE250,3,21,-0.017673174550341564,-0.14974000928832362,-0.0451616889201617
composite_T50_C70_Rmax5,True,50.0,70.0,5.0,UK100_ETF,2,12,-0.05679593203008593,-0.8424289892709405,-0.07149528693483465
composite_T50_C70_Rmax15,True,50.0,70.0,15.0,UK100,1,18,-0.1043888441951063,-1.550431677016542,-0.1043888441951063
composite_T50_C70_Rmax15,True,50.0,70.0,15.0,UK100,0,30,-0.10584264552414224,-1.3179937934375314,-0.11573935368974686
composite_T50_C70_Rmax5,True,50.0,70.0,5.0,UK100_ETF,3,31,-0.03320535518744416,-0.28373125109899194,-0.05612282382790579
composite_T50_C70_Rmax15,True,50.0,70.0,15.0,UK100,2,25,-0.11451755538918917,-1.40771539831801,-0.11636129057363831
composite_T50_C70_Rmax15,True,50.0,70.0,15.0,DAX40,1,16,-0.07916530899413177,-1.2529728402477973,-0.09433337588807922
composite_T50_C70_Rmax15,True,50.0,70.0,15.0,DAX40,0,32,-0.08241549693174222,-0.9343180969580254,-0.10383412028630756
composite_T50_C70_Rmax15,True,50.0,70.0,15.0,DAX40,2,28,-0.146094481745088,-1.7068154708210483,-0.16053603682172513
composite_T50_C70_Rmax15,True,50.0,70.0,15.0,UK100,3,55,-0.10089274589579567,-0.6072367281601604,-0.1472913678647242
composite_T50_C70_Rmax15,True,50.0,70.0,15.0,CAC40,1,24,-0.11840366056340423,-1.4582900737351538,-0.12560433793699377
composite_T50_C70_Rmax15,True,50.0,70.0,15.0,CAC40,0,29,-0.11384223601178634,-1.6421984192857049,-0.12332754252779343
composite_T50_C70_Rmax15,True,50.0,70.0,15.0,CAC40,2,27,-0.09559219618035275,-1.1627829976195116,-0.10537333954783767
composite_T50_C70_Rmax15,True,50.0,70.0,15.0,IBEX35,1,12,-0.089836222133852,-1.8405191921888653,-0.09265418268545456
composite_T50_C70_Rmax15,True,50.0,70.0,15.0,DAX40,3,57,-0.05290408418936843,-0.28443619414879306,-0.09337745996639757
composite_T50_C70_Rmax15,True,50.0,70.0,15.0,IBEX35,0,22,-0.05656629418644643,-0.735721420897308,-0.07864085896250017
composite_T50_C70_Rmax15,True,50.0,70.0,15.0,IBEX35,2,20,-0.10021951578297172,-1.5810624998832277,-0.10838344519967391
composite_T50_C70_Rmax15,True,50.0,70.0,15.0,CAC40,3,52,-0.21076165170987415,-1.503743541166417,-0.21676674023333797
composite_T50_C70_Rmax15,True,50.0,70.0,15.0,FTSE250,1,20,-0.08503204126090036,-1.0933197428889392,-0.0923709845835643
composite_T50_C70_Rmax15,True,50.0,70.0,15.0,FTSE250,0,28,-0.006997181554701859,-0.057410129225724985,-0.04835112755680926
composite_T50_C70_Rmax15,True,50.0,70.0,15.0,FTSE250,2,21,-0.010568802477074146,-0.12237801585581766,-0.033602430379962245
composite_T50_C70_Rmax15,True,50.0,70.0,15.0,UK100_ETF,1,19,-0.09479040016789642,-1.4285858120396429,-0.09868105705717156
composite_T50_C70_Rmax15,True,50.0,70.0,15.0,UK100_ETF,0,33,-0.14885856055874225,-1.7620123421685387,-0.1599585274595362
composite_T50_C70_Rmax15,True,50.0,70.0,15.0,IBEX35,3,60,-0.004610014770285997,0.000624718539122355,-0.07065169723546094
composite_T50_C70_Rmax15,True,50.0,70.0,15.0,FTSE250,3,42,-0.06166088601457209,-0.40959741752136475,-0.09103919005348304
composite_T50_C70_Rmax15,True,50.0,70.0,15.0,UK100_ETF,2,26,-0.10018019064449801,-1.2173712313035006,-0.11420342397989725
composite_T60_C50_noR,False,60.0,50.0,99.0,UK100,1,38,-0.1609000740046509,-2.014849447908385,-0.1609000740046509
composite_T60_C50_noR,False,60.0,50.0,99.0,UK100,0,50,-0.1246773157749036,-1.2843595006170625,-0.1373661171344157
composite_T50_C70_Rmax15,True,50.0,70.0,15.0,UK100_ETF,3,54,-0.07286709187839391,-0.48594481621058966,-0.10896704616156438
composite_T60_C50_noR,False,60.0,50.0,99.0,UK100,2,41,-0.10538668367177284,-0.9947794084724806,-0.12511713824675585
composite_T60_C50_noR,False,60.0,50.0,99.0,DAX40,0,42,-0.013609703645717675,-0.09474469539993088,-0.08399899992284499
composite_T60_C50_noR,False,60.0,50.0,99.0,DAX40,1,29,-0.06482114600540678,-0.7038045734617135,-0.07728372941810535
composite_T60_C50_noR,False,60.0,50.0,99.0,DAX40,2,38,-0.11536450966015943,-1.0634356187106055,-0.1294183488079198
composite_T60_C50_noR,False,60.0,50.0,99.0,UK100,3,80,-0.0868614073435352,-0.43481465078502374,-0.12376265038486711
composite_T60_C50_noR,False,60.0,50.0,99.0,CAC40,0,47,-0.1033927639641099,-1.0416168476158285,-0.12883036643938917
composite_T60_C50_noR,False,60.0,50.0,99.0,CAC40,1,34,-0.09899214814050283,-1.0016199111220179,-0.1063513743102229
composite_T60_C50_noR,False,60.0,50.0,99.0,CAC40,2,43,-0.08716148976225524,-0.793206651229051,-0.10389282897386476
composite_T60_C50_noR,False,60.0,50.0,99.0,IBEX35,0,42,-0.09755789028955564,-1.0901081974576372,-0.10725111980119206
composite_T60_C50_noR,False,60.0,50.0,99.0,DAX40,3,92,-0.04193208779201596,-0.1704898969193889,-0.09909093674616287
composite_T60_C50_noR,False,60.0,50.0,99.0,IBEX35,1,23,-0.08184076736149237,-1.3098440406971703,-0.08750280268296873
composite_T60_C50_noR,False,60.0,50.0,99.0,IBEX35,2,31,-0.08060879530388942,-0.985093306929751,-0.09918955470625057
composite_T60_C50_noR,False,60.0,50.0,99.0,CAC40,3,80,-0.18725164179531817,-1.075370410851186,-0.20960099018620382
composite_T60_C50_noR,False,60.0,50.0,99.0,FTSE250,1,34,-0.1161093008527605,-1.2630273825371856,-0.1161093008527605
composite_T60_C50_noR,False,60.0,50.0,99.0,FTSE250,0,45,-0.04402597205687997,-0.3857667066285311,-0.08443737093079573
composite_T60_C50_noR,False,60.0,50.0,99.0,FTSE250,2,33,-0.04752284914010996,-0.4355443026642389,-0.06796319076749502
composite_T60_C50_noR,False,60.0,50.0,99.0,UK100_ETF,1,40,-0.17848201509166262,-2.135646381440024,-0.18281062784379776
composite_T60_C50_noR,False,60.0,50.0,99.0,UK100_ETF,0,54,-0.15380027827262654,-1.5452430101524608,-0.1666803208392712
composite_T60_C50_noR,False,60.0,50.0,99.0,IBEX35,3,89,0.03335824153714162,0.16873029886410187,-0.06445964172970886
composite_T60_C50_noR,False,60.0,50.0,99.0,FTSE250,3,72,-0.09721525125268671,-0.5137250422256382,-0.12297470298093705
composite_T60_C50_Rmax5,True,60.0,50.0,5.0,UK100,0,19,-0.06846942617101448,-0.9372374689528149,-0.10177484302400552
composite_T60_C50_noR,False,60.0,50.0,99.0,UK100_ETF,2,36,-0.08959727783008875,-0.9230400005279293,-0.11098001533233803
composite_T60_C50_Rmax5,True,60.0,50.0,5.0,UK100,1,14,-0.07333457927588638,-1.3263318222202698,-0.08122486190424938
composite_T60_C50_Rmax5,True,60.0,50.0,5.0,UK100,2,19,-0.08598872742764163,-1.071976963861261,-0.09103544805226749
composite_T60_C50_Rmax5,True,60.0,50.0,5.0,DAX40,0,14,0.029414507423120684,0.4448131857325871,-0.024198437953790508
composite_T60_C50_Rmax5,True,60.0,50.0,5.0,DAX40,1,10,-0.020087980831935748,-0.36303561142749374,-0.040450932709075516
composite_T60_C50_Rmax5,True,60.0,50.0,5.0,DAX40,2,27,-0.1430142419130701,-1.603252051644159,-0.16108396571088412
composite_T60_C50_Rmax5,True,60.0,50.0,5.0,UK100,3,40,-0.0909647089723028,-0.5972980336545479,-0.09514494648852723
composite_T60_C50_Rmax5,True,60.0,50.0,5.0,CAC40,0,14,-0.05180646340550643,-0.8745851480872618,-0.060773197202462326
composite_T60_C50_Rmax5,True,60.0,50.0,5.0,CAC40,1,15,-0.09503999588334178,-1.3084358239880758,-0.09862038974445242
composite_T60_C50_noR,False,60.0,50.0,99.0,UK100_ETF,3,87,-0.1409058459937076,-0.818817352032482,-0.1665916711914066
composite_T60_C50_Rmax5,True,60.0,50.0,5.0,DAX40,3,40,-0.0467714161631535,-0.2729739889384478,-0.11249502236582576
composite_T60_C50_Rmax5,True,60.0,50.0,5.0,IBEX35,0,14,-0.030916855630996776,-0.4617749039989009,-0.06792326058372122
composite_T60_C50_Rmax5,True,60.0,50.0,5.0,CAC40,2,20,-0.08754488388907522,-1.1555238753386243,-0.08880704112223337
composite_T60_C50_Rmax5,True,60.0,50.0,5.0,IBEX35,1,14,-0.07230232429493444,-1.3073829312649918,-0.0751378484407591
composite_T60_C50_Rmax5,True,60.0,50.0,5.0,CAC40,3,28,-0.061367029726120514,-0.4643045844871805,-0.07157916858289293
composite_T60_C50_Rmax5,True,60.0,50.0,5.0,IBEX35,2,17,-0.05930439192262782,-0.8614110531099425,-0.07531344601353607
composite_T60_C50_Rmax5,True,60.0,50.0,5.0,FTSE250,1,19,-0.10913016797048658,-1.7583207138537145,-0.11656681058955654
composite_T60_C50_Rmax5,True,60.0,50.0,5.0,FTSE250,0,18,-0.01849968100300048,-0.24003240426987654,-0.0846866142896131
composite_T60_C50_Rmax5,True,60.0,50.0,5.0,FTSE250,2,18,-0.08449603911436732,-1.1480931286788387,-0.08449603911436732
composite_T60_C50_Rmax5,True,60.0,50.0,5.0,UK100_ETF,0,19,-0.11527415141416153,-1.5725144018893267,-0.13172047664036468
composite_T60_C50_Rmax5,True,60.0,50.0,5.0,UK100_ETF,1,17,-0.08578079549643369,-1.260092064033222,-0.08578079549643369
composite_T60_C50_Rmax5,True,60.0,50.0,5.0,IBEX35,3,40,0.05697230390436081,0.3717736679701071,-0.05548069889116858
composite_T60_C50_Rmax5,True,60.0,50.0,5.0,FTSE250,3,35,-0.04849670883211343,-0.3373900462747598,-0.07318235333932199
composite_T60_C50_Rmax5,True,60.0,50.0,5.0,UK100_ETF,2,18,-0.09859413996332,-1.2794618971626235,-0.10931181879355345
composite_T60_C50_Rmax15,True,60.0,50.0,15.0,UK100,1,33,-0.16791792003397643,-2.019443291443017,-0.16791792003397643
composite_T60_C50_Rmax5,True,60.0,50.0,5.0,UK100_ETF,3,40,-0.05215489835202991,-0.38081433345621923,-0.07732259057536017
composite_T60_C50_Rmax15,True,60.0,50.0,15.0,UK100,0,45,-0.10575489492693779,-1.0517761317508738,-0.11796013914411252
composite_T60_C50_Rmax15,True,60.0,50.0,15.0,UK100,2,35,-0.11108491785988495,-1.095810433356554,-0.13226189448057046
composite_T60_C50_Rmax15,True,60.0,50.0,15.0,DAX40,1,26,-0.0580169224252115,-0.6374690468152143,-0.07548064157024925
composite_T60_C50_Rmax15,True,60.0,50.0,15.0,DAX40,0,41,-0.025503485781059654,-0.20475156710767325,-0.09189293576811564
composite_T60_C50_Rmax15,True,60.0,50.0,15.0,DAX40,2,38,-0.11836401657984219,-1.0929832766676522,-0.13237020379838182
composite_T60_C50_Rmax15,True,60.0,50.0,15.0,CAC40,1,33,-0.11722780867276583,-1.1838763785693016,-0.12443809013580631
composite_T60_C50_Rmax15,True,60.0,50.0,15.0,UK100,3,76,-0.12078456443091012,-0.6164237437152896,-0.15660897776817007
composite_T60_C50_Rmax15,True,60.0,50.0,15.0,CAC40,0,43,-0.08396787551036633,-0.8511812801485458,-0.14119209602619298
composite_T60_C50_Rmax15,True,60.0,50.0,15.0,CAC40,2,39,-0.12213454521762213,-1.124321444148112,-0.12334885616172186
composite_T60_C50_Rmax15,True,60.0,50.0,15.0,DAX40,3,82,-0.06786735112935971,-0.28988127440967204,-0.1273876822021368
composite_T60_C50_Rmax15,True,60.0,50.0,15.0,IBEX35,0,36,-0.06708676341013453,-0.7448880374719015,-0.10422916953015504
composite_T60_C50_Rmax15,True,60.0,50.0,15.0,IBEX35,1,21,-0.09263535374935328,-1.4189143661928172,-0.09540872963558256
composite_T60_C50_Rmax15,True,60.0,50.0,15.0,IBEX35,2,30,-0.10653076062986477,-1.2800378067408005,-0.12533079330503405
composite_T60_C50_Rmax15,True,60.0,50.0,15.0,CAC40,3,73,-0.1899496821223372,-1.087855887873775,-0.22129770778421254
composite_T60_C50_Rmax15,True,60.0,50.0,15.0,FTSE250,1,30,-0.11297994762345098,-1.2536828847109915,-0.11978042529855193
composite_T60_C50_Rmax15,True,60.0,50.0,15.0,FTSE250,0,43,-0.0691396350692548,-0.6306921269446231,-0.10584366394682909
composite_T60_C50_Rmax15,True,60.0,50.0,15.0,FTSE250,2,34,-0.08709166911264987,-0.8689232353977525,-0.09160232332959117
composite_T60_C50_Rmax15,True,60.0,50.0,15.0,UK100_ETF,1,31,-0.15102355423878266,-1.7876838140480833,-0.15549684677393572
composite_T60_C50_Rmax15,True,60.0,50.0,15.0,IBEX35,3,76,0.09569454402091582,0.4297680686329609,-0.0505072250088352
composite_T60_C50_Rmax15,True,60.0,50.0,15.0,UK100_ETF,0,49,-0.1846660557657066,-1.7315370170063924,-0.19594223439944125
composite_T60_C50_Rmax15,True,60.0,50.0,15.0,FTSE250,3,62,-0.0792418145860776,-0.4120780489144161,-0.11876798067428163
composite_T60_C50_Rmax15,True,60.0,50.0,15.0,UK100_ETF,2,35,-0.12209155431298113,-1.2664068379165152,-0.13490592084359443
composite_T60_C60_noR,False,60.0,60.0,99.0,UK100,0,51,-0.09604852224101323,-1.0882439812175762,-0.10358227345771964
composite_T60_C60_noR,False,60.0,60.0,99.0,UK100,1,31,-0.11498113935641563,-1.5588384113007174,-0.11498113935641563
composite_T60_C60_noR,False,60.0,60.0,99.0,UK100,2,39,-0.09121948070491837,-1.0258155098656154,-0.11073618144182928
composite_T60_C50_Rmax15,True,60.0,50.0,15.0,UK100_ETF,3,72,-0.07547584805605334,-0.4196624373297752,-0.1155204799078392
composite_T60_C60_noR,False,60.0,60.0,99.0,DAX40,0,43,-0.02615519484582618,-0.2508861709307125,-0.07416725187177553
composite_T60_C60_noR,False,60.0,60.0,99.0,DAX40,1,29,-0.03992212468801282,-0.5101617869117709,-0.05753423152932069
composite_T60_C60_noR,False,60.0,60.0,99.0,DAX40,2,38,-0.11909805431455511,-1.328778557399848,-0.13309258017837333
composite_T60_C60_noR,False,60.0,60.0,99.0,UK100,3,91,-0.10620489010534673,-0.5877670638981807,-0.13519257308232602
composite_T60_C60_noR,False,60.0,60.0,99.0,CAC40,0,44,-0.047456033535255626,-0.497387124462592,-0.07672363519051462
composite_T60_C60_noR,False,60.0,60.0,99.0,CAC40,1,35,-0.10122985651487548,-1.1497000258033723,-0.10122985651487548
composite_T60_C60_noR,False,60.0,60.0,99.0,CAC40,2,39,-0.08871594276727524,-0.9361983556656186,-0.10933886503849555
composite_T60_C60_noR,False,60.0,60.0,99.0,DAX40,3,92,-0.055613490453839565,-0.2701499041882237,-0.10745234393660397
composite_T60_C60_noR,False,60.0,60.0,99.0,IBEX35,1,20,-0.06481985819923153,-1.1808471764609638,-0.07755654197456463
composite_T60_C60_noR,False,60.0,60.0,99.0,IBEX35,0,39,-0.0641322421625431,-0.7458943603230045,-0.08786976119183387
composite_T60_C60_noR,False,60.0,60.0,99.0,IBEX35,2,29,-0.07931979998822047,-1.1125441341989086,-0.1020894629516852
composite_T60_C60_noR,False,60.0,60.0,99.0,CAC40,3,75,-0.1813606007251557,-1.1560129979809015,-0.19500159972891984
composite_T60_C60_noR,False,60.0,60.0,99.0,FTSE250,0,47,-0.02112586159402785,-0.19578037915910296,-0.06283664739671724
composite_T60_C60_noR,False,60.0,60.0,99.0,FTSE250,1,31,-0.09885878892027211,-1.14537590598657,-0.10532779969928141
composite_T60_C60_noR,False,60.0,60.0,99.0,FTSE250,2,32,-0.008763162323856655,-0.0749438782623865,-0.05559799976336799
composite_T60_C60_noR,False,60.0,60.0,99.0,UK100_ETF,1,34,-0.14006442872699554,-1.7828420799166613,-0.14459546535456524
composite_T60_C60_noR,False,60.0,60.0,99.0,UK100_ETF,0,49,-0.13453915968734054,-1.5199131686385499,-0.1406378456823414
composite_T60_C60_noR,False,60.0,60.0,99.0,IBEX35,3,92,-0.01772524339098891,-0.057006402958407226,-0.08575744557983656
composite_T60_C60_noR,False,60.0,60.0,99.0,FTSE250,3,71,-0.0977461283662826,-0.5774742707392344,-0.11452677205180062
composite_T60_C60_Rmax5,True,60.0,60.0,5.0,UK100,0,18,-0.06693681150006725,-0.9578751125435132,-0.10029702459048173
composite_T60_C60_Rmax5,True,60.0,60.0,5.0,UK100,1,11,-0.048461487083347854,-0.9111163765535368,-0.05656355675248237
composite_T60_C60_noR,False,60.0,60.0,99.0,UK100_ETF,2,39,-0.071444297906047,-0.8218618894888592,-0.0946208305891224
composite_T60_C60_Rmax5,True,60.0,60.0,5.0,UK100,2,17,-0.08363133697603842,-1.0961831690712087,-0.08869107395108511
composite_T60_C60_Rmax5,True,60.0,60.0,5.0,DAX40,0,14,0.01991560052313268,0.3111766344441436,-0.025862096852449667
composite_T60_C60_Rmax5,True,60.0,60.0,5.0,DAX40,1,10,-0.02877038260321063,-0.5381584206308274,-0.04378833401505089
composite_T60_C60_Rmax5,True,60.0,60.0,5.0,DAX40,2,25,-0.15113084334378268,-1.7880924247500272,-0.1690294269042638
composite_T60_C60_Rmax5,True,60.0,60.0,5.0,UK100,3,38,-0.08075093244825093,-0.5380893631297896,-0.09743480805992089
composite_T60_C60_Rmax5,True,60.0,60.0,5.0,CAC40,0,14,-0.053741550769247026,-0.9147724124704227,-0.06268998512353141
composite_T60_C60_noR,False,60.0,60.0,99.0,UK100_ETF,3,94,-0.12529032576515087,-0.7912767237400123,-0.15055236221476265
composite_T60_C60_Rmax5,True,60.0,60.0,5.0,CAC40,1,13,-0.06970451971189473,-1.003230151115413,-0.07813220711966062
composite_T60_C60_Rmax5,True,60.0,60.0,5.0,DAX40,3,38,-0.03078222125706942,-0.1983627145523264,-0.08826078899406731
composite_T60_C60_Rmax5,True,60.0,60.0,5.0,IBEX35,1,12,-0.08710505891780906,-1.7111056911399853,-0.08989533824676443
composite_T60_C60_Rmax5,True,60.0,60.0,5.0,CAC40,2,19,-0.08541747062031357,-1.1989468403837151,-0.08541747062031357
composite_T60_C60_Rmax5,True,60.0,60.0,5.0,IBEX35,0,13,-0.023590886081818696,-0.3568882596947599,-0.06087704803721472
composite_T60_C60_Rmax5,True,60.0,60.0,5.0,IBEX35,2,14,-0.04495734905987758,-0.7136813736134361,-0.06121056564422378
composite_T60_C60_Rmax5,True,60.0,60.0,5.0,CAC40,3,26,-0.05525773035546189,-0.4283253970215958,-0.058380764414002195
composite_T60_C60_Rmax5,True,60.0,60.0,5.0,FTSE250,0,16,-0.018794969226536673,-0.2663971611163854,-0.08019651771673708
composite_T60_C60_Rmax5,True,60.0,60.0,5.0,FTSE250,1,17,-0.10617350540836212,-1.7781740244832052,-0.11363482912227796
composite_T60_C60_Rmax5,True,60.0,60.0,5.0,FTSE250,2,18,-0.08757440704831954,-1.201212355035387,-0.08757440704831954
composite_T60_C60_Rmax5,True,60.0,60.0,5.0,UK100_ETF,0,17,-0.10574222339663608,-1.5081477204218738,-0.1223657393180807
composite_T60_C60_Rmax5,True,60.0,60.0,5.0,UK100_ETF,1,14,-0.06888707520551252,-1.1531811257033386,-0.06888707520551252
composite_T60_C60_Rmax5,True,60.0,60.0,5.0,IBEX35,3,37,0.03562792817734617,0.2519655168114808,-0.06225803493115756
composite_T60_C60_Rmax5,True,60.0,60.0,5.0,FTSE250,3,33,-0.0926988527681013,-0.7411196075108026,-0.11249018595642835
composite_T60_C60_Rmax5,True,60.0,60.0,5.0,UK100_ETF,2,16,-0.09518655042646329,-1.3265576659084923,-0.10594474535700238
composite_T60_C60_Rmax15,True,60.0,60.0,15.0,UK100,1,26,-0.11225546557252164,-1.4531031151403717,-0.11225546557252164
composite_T60_C60_Rmax15,True,60.0,60.0,15.0,UK100,0,41,-0.11582779433403245,-1.2524926663111726,-0.12548999191775667
composite_T60_C60_Rmax5,True,60.0,60.0,5.0,UK100_ETF,3,39,-0.06525628557866381,-0.49855951099838786,-0.08323611374801576
composite_T60_C60_Rmax15,True,60.0,60.0,15.0,UK100,2,31,-0.11206275168810387,-1.2102679716700548,-0.12911887487816853
composite_T60_C60_Rmax15,True,60.0,60.0,15.0,DAX40,1,24,-0.05634301352037474,-0.6536485137081839,-0.0763080745332243
composite_T60_C60_Rmax15,True,60.0,60.0,15.0,DAX40,0,39,-0.05195303277783392,-0.49349966230710113,-0.09939700191456202
composite_T60_C60_Rmax15,True,60.0,60.0,15.0,DAX40,2,34,-0.14018740361710025,-1.4114885358808942,-0.15384689168731258
composite_T60_C60_Rmax15,True,60.0,60.0,15.0,CAC40,1,29,-0.10370719891057811,-1.105234019775198,-0.11102791362343678
composite_T60_C60_Rmax15,True,60.0,60.0,15.0,UK100,3,71,-0.14162404409240958,-0.7622962757797693,-0.18104122225721286
composite_T60_C60_Rmax15,True,60.0,60.0,15.0,CAC40,0,38,-0.08871679701598001,-0.9962254022539501,-0.12297362780087062
composite_T60_C60_Rmax15,True,60.0,60.0,15.0,CAC40,2,35,-0.14484558407292913,-1.4773508454605506,-0.14484558407292913
composite_T60_C60_Rmax15,True,60.0,60.0,15.0,IBEX35,0,33,-0.06702529515992117,-0.7697934336622743,-0.10270104515029821
composite_T60_C60_Rmax15,True,60.0,60.0,15.0,DAX40,3,72,-0.03815223070538376,-0.16812799170894574,-0.10192813209280238
composite_T60_C60_Rmax15,True,60.0,60.0,15.0,IBEX35,1,19,-0.10332946417682909,-1.7145348632747628,-0.10607015332778957
composite_T60_C60_Rmax15,True,60.0,60.0,15.0,IBEX35,2,26,-0.11475846517815602,-1.4932814320594041,-0.129823784387466
composite_T60_C60_Rmax15,True,60.0,60.0,15.0,CAC40,3,62,-0.18141511132413823,-1.0981383084865155,-0.20748244406919192
composite_T60_C60_Rmax15,True,60.0,60.0,15.0,FTSE250,0,37,-0.020092567376725712,-0.17254527694658117,-0.06802152525341187
composite_T60_C60_Rmax15,True,60.0,60.0,15.0,FTSE250,1,28,-0.12353812957266963,-1.4374967360119666,-0.12353812957266963
composite_T60_C60_Rmax15,True,60.0,60.0,15.0,FTSE250,2,31,-0.06758516990379215,-0.6926997685487851,-0.07967371391464906
composite_T60_C60_Rmax15,True,60.0,60.0,15.0,UK100_ETF,1,28,-0.1401958758938675,-1.802989741155298,-0.14547324388396632
composite_T60_C60_Rmax15,True,60.0,60.0,15.0,UK100_ETF,0,41,-0.1598512037745724,-1.7114028863057411,-0.16986381108956727
composite_T60_C60_Rmax15,True,60.0,60.0,15.0,IBEX35,3,71,0.032614383422577164,0.17300464636598978,-0.07044373919033453
composite_T60_C60_Rmax15,True,60.0,60.0,15.0,FTSE250,3,58,-0.11135799449945061,-0.6293820263410257,-0.13374673361383804
composite_T60_C60_Rmax15,True,60.0,60.0,15.0,UK100_ETF,2,32,-0.12572692115499995,-1.3964927630038355,-0.13757134020013606
composite_T60_C70_noR,False,60.0,70.0,99.0,UK100,0,42,-0.06984493623986965,-1.0747168970558527,-0.07583585157190653
composite_T60_C70_noR,False,60.0,70.0,99.0,UK100,1,25,-0.08997925718116262,-1.5011046527803313,-0.08997925718116262
composite_T60_C70_noR,False,60.0,70.0,99.0,UK100,2,44,-0.10229769005725242,-1.4466110163210908,-0.10779459323885543
composite_T60_C70_noR,False,60.0,70.0,99.0,DAX40,0,51,-0.027107843916566843,-0.33543227311834184,-0.06089192356234663
composite_T60_C70_noR,False,60.0,70.0,99.0,DAX40,1,22,-0.020970488011226363,-0.4205008014473203,-0.04744896359332251
composite_T60_C60_Rmax15,True,60.0,60.0,15.0,UK100_ETF,3,70,-0.16546936125206957,-0.8530006457154621,-0.19270813132491071
composite_T60_C70_noR,False,60.0,70.0,99.0,UK100,3,80,-0.05211069943636215,-0.3349551694473128,-0.09938413255011369
composite_T60_C70_noR,False,60.0,70.0,99.0,DAX40,2,39,-0.06844407805035613,-1.078799463055233,-0.08832203810271899
composite_T60_C70_noR,False,60.0,70.0,99.0,CAC40,1,29,-0.09493073411230057,-1.3242845401261192,-0.09493073411230057
composite_T60_C70_noR,False,60.0,70.0,99.0,CAC40,2,34,-0.009476518109226895,-0.12335236274957875,-0.05171595320696554
composite_T60_C70_noR,False,60.0,70.0,99.0,CAC40,0,36,-0.0385164059478349,-0.6187045397350669,-0.05169265582490634
composite_T60_C70_noR,False,60.0,70.0,99.0,IBEX35,1,13,-0.051955014251260256,-1.243194792103475,-0.054890258913762535
composite_T60_C70_noR,False,60.0,70.0,99.0,DAX40,3,88,-0.05079215298410367,-0.2953983505370238,-0.08027003726745363
composite_T60_C70_noR,False,60.0,70.0,99.0,IBEX35,0,30,0.019117512733857867,0.30228131938016717,-0.03698123554762267
composite_T60_C70_noR,False,60.0,70.0,99.0,IBEX35,2,30,-0.0680512430816379,-1.172679739021001,-0.07473220875166042
composite_T60_C70_noR,False,60.0,70.0,99.0,CAC40,3,69,-0.12184487768705876,-0.9678161647489107,-0.14285853727318787
composite_T60_C70_noR,False,60.0,70.0,99.0,FTSE250,1,31,-0.08022080331434878,-1.3301650576374942,-0.08022080331434878
composite_T60_C70_noR,False,60.0,70.0,99.0,FTSE250,0,37,0.040330907356075585,0.5117012199057513,-0.04502550368462688
composite_T60_C70_noR,False,60.0,70.0,99.0,FTSE250,2,33,-0.005656726119967259,-0.06417489062307861,-0.026009297481267568
composite_T60_C70_noR,False,60.0,70.0,99.0,UK100_ETF,1,28,-0.08742844106186398,-1.477993918352495,-0.08742844106186398
composite_T60_C70_noR,False,60.0,70.0,99.0,UK100_ETF,0,42,-0.08784716140125837,-1.3162581124275146,-0.09944090071225398
composite_T60_C70_noR,False,60.0,70.0,99.0,IBEX35,3,85,0.044319805571429116,0.27821029087868354,-0.05938326239902514
composite_T60_C70_noR,False,60.0,70.0,99.0,FTSE250,3,63,-0.10523603982081309,-0.839017771993725,-0.11574970921511818
composite_T60_C70_Rmax5,True,60.0,70.0,5.0,UK100,1,6,-0.02081651835806697,-0.4899265607036349,-0.029327933665603045
composite_T60_C70_Rmax5,True,60.0,70.0,5.0,UK100,0,13,-0.06392984071934937,-1.1011526095438329,-0.09486403558033851
composite_T60_C70_noR,False,60.0,70.0,99.0,UK100_ETF,2,43,-0.08718836996440804,-1.4190183228428797,-0.08869792998638204
composite_T60_C70_Rmax5,True,60.0,70.0,5.0,UK100,2,15,-0.07128776853483254,-1.0350573040664435,-0.07877756516708911
composite_T60_C70_Rmax5,True,60.0,70.0,5.0,DAX40,0,12,-0.01295882115540714,-0.19816783276409125,-0.047506718761095024
composite_T60_C70_Rmax5,True,60.0,70.0,5.0,DAX40,1,5,-0.01784397056776199,-0.45284074034894967,-0.04180419620288034
composite_T60_C70_Rmax5,True,60.0,70.0,5.0,DAX40,2,22,-0.17887329163837606,-2.3301948367270815,-0.19413453949947423
composite_T60_C70_noR,False,60.0,70.0,99.0,UK100_ETF,3,78,-0.05845064997061822,-0.41939169316835334,-0.10287312729709319
composite_T60_C70_Rmax5,True,60.0,70.0,5.0,CAC40,0,10,-0.03984336985656556,-0.7695470832906053,-0.048524563043863767
composite_T60_C70_Rmax5,True,60.0,70.0,5.0,UK100,3,31,-0.04979739636014513,-0.3564418781586065,-0.07507219061511605
composite_T60_C70_Rmax5,True,60.0,70.0,5.0,CAC40,1,9,-0.08664446264648062,-1.5208199056894327,-0.09025807268899755
composite_T60_C70_Rmax5,True,60.0,70.0,5.0,DAX40,3,30,-0.010927702286299246,-0.06921982182372534,-0.0682537368698869
composite_T60_C70_Rmax5,True,60.0,70.0,5.0,IBEX35,0,9,-0.0034148948824466174,-0.04925894922549078,-0.0399286427372062
composite_T60_C70_Rmax5,True,60.0,70.0,5.0,CAC40,2,12,-0.041169046496232986,-0.6761155389690963,-0.04633762682513598
composite_T60_C70_Rmax5,True,60.0,70.0,5.0,IBEX35,1,9,-0.0844387343348082,-1.9177186988243173,-0.08727340606308609
composite_T60_C70_Rmax5,True,60.0,70.0,5.0,IBEX35,2,10,-0.04337169686326181,-0.8795191337993207,-0.05205142050899514
composite_T60_C70_Rmax5,True,60.0,70.0,5.0,CAC40,3,22,-0.07866262091071752,-0.7424849587296639,-0.08819583390967134
composite_T60_C70_Rmax5,True,60.0,70.0,5.0,FTSE250,0,12,0.010003574867003096,0.18505685835820712,-0.040986213042473074
composite_T60_C70_Rmax5,True,60.0,70.0,5.0,FTSE250,1,13,-0.0758743864097523,-1.4873198976582165,-0.0849458097702438
composite_T60_C70_Rmax5,True,60.0,70.0,5.0,FTSE250,2,11,-0.021866935512391716,-0.39662855079444975,-0.03429633261083609
composite_T60_C70_Rmax5,True,60.0,70.0,5.0,UK100_ETF,1,9,-0.048393957568447,-0.9315961154941693,-0.048393957568447
composite_T60_C70_Rmax5,True,60.0,70.0,5.0,FTSE250,3,21,-0.017673174550341564,-0.14974000928832362,-0.0451616889201617
composite_T60_C70_Rmax5,True,60.0,70.0,5.0,UK100_ETF,0,12,-0.07865814892200962,-1.2334758413773936,-0.10145951859426405
composite_T60_C70_Rmax5,True,60.0,70.0,5.0,IBEX35,3,30,0.04864407988015862,0.36807990259689455,-0.042907111481861326
composite_T60_C70_Rmax5,True,60.0,70.0,5.0,UK100_ETF,2,12,-0.05679593203008593,-0.8424289892709405,-0.07149528693483465
composite_T60_C70_Rmax15,True,60.0,70.0,15.0,UK100,1,18,-0.1043888441951063,-1.550431677016542,-0.1043888441951063
composite_T60_C70_Rmax15,True,60.0,70.0,15.0,UK100,0,30,-0.10584264552414224,-1.3179937934375314,-0.11573935368974686
composite_T60_C70_Rmax5,True,60.0,70.0,5.0,UK100_ETF,3,31,-0.03320535518744416,-0.28373125109899194,-0.05612282382790579
composite_T60_C70_Rmax15,True,60.0,70.0,15.0,UK100,2,25,-0.11451755538918917,-1.40771539831801,-0.11636129057363831
composite_T60_C70_Rmax15,True,60.0,70.0,15.0,DAX40,1,16,-0.07916530899413177,-1.2529728402477973,-0.09433337588807922
composite_T60_C70_Rmax15,True,60.0,70.0,15.0,DAX40,0,32,-0.08241549693174222,-0.9343180969580254,-0.10383412028630756
composite_T60_C70_Rmax15,True,60.0,70.0,15.0,DAX40,2,28,-0.146094481745088,-1.7068154708210483,-0.16053603682172513
composite_T60_C70_Rmax15,True,60.0,70.0,15.0,UK100,3,55,-0.10089274589579567,-0.6072367281601604,-0.1472913678647242
composite_T60_C70_Rmax15,True,60.0,70.0,15.0,CAC40,1,24,-0.11840366056340423,-1.4582900737351538,-0.12560433793699377
composite_T60_C70_Rmax15,True,60.0,70.0,15.0,CAC40,0,29,-0.11384223601178634,-1.6421984192857049,-0.12332754252779343
composite_T60_C70_Rmax15,True,60.0,70.0,15.0,CAC40,2,27,-0.09559219618035275,-1.1627829976195116,-0.10537333954783767
composite_T60_C70_Rmax15,True,60.0,70.0,15.0,IBEX35,0,22,-0.05656629418644643,-0.735721420897308,-0.07864085896250017
composite_T60_C70_Rmax15,True,60.0,70.0,15.0,DAX40,3,57,-0.05290408418936843,-0.28443619414879306,-0.09337745996639757
composite_T60_C70_Rmax15,True,60.0,70.0,15.0,IBEX35,1,12,-0.089836222133852,-1.8405191921888653,-0.09265418268545456
composite_T60_C70_Rmax15,True,60.0,70.0,15.0,IBEX35,2,20,-0.10021951578297172,-1.5810624998832277,-0.10838344519967391
composite_T60_C70_Rmax15,True,60.0,70.0,15.0,CAC40,3,52,-0.21076165170987415,-1.503743541166417,-0.21676674023333797
composite_T60_C70_Rmax15,True,60.0,70.0,15.0,FTSE250,0,28,-0.006997181554701859,-0.057410129225724985,-0.04835112755680926
composite_T60_C70_Rmax15,True,60.0,70.0,15.0,FTSE250,1,20,-0.08503204126090036,-1.0933197428889392,-0.0923709845835643
composite_T60_C70_Rmax15,True,60.0,70.0,15.0,FTSE250,2,21,-0.010568802477074146,-0.12237801585581766,-0.033602430379962245
composite_T60_C70_Rmax15,True,60.0,70.0,15.0,UK100_ETF,1,19,-0.09479040016789642,-1.4285858120396429,-0.09868105705717156
composite_T60_C70_Rmax15,True,60.0,70.0,15.0,UK100_ETF,0,33,-0.14885856055874225,-1.7620123421685387,-0.1599585274595362
composite_T60_C70_Rmax15,True,60.0,70.0,15.0,IBEX35,3,60,-0.004610014770285997,0.000624718539122355,-0.07065169723546094
composite_T60_C70_Rmax15,True,60.0,70.0,15.0,FTSE250,3,42,-0.06166088601457209,-0.40959741752136475,-0.09103919005348304
composite_T60_C70_Rmax15,True,60.0,70.0,15.0,UK100_ETF,2,26,-0.10018019064449801,-1.2173712313035006,-0.11420342397989725
composite_T70_C50_noR,False,70.0,50.0,99.0,UK100,1,29,-0.1346035438755182,-1.7303252346997495,-0.1346035438755182
composite_T70_C50_noR,False,70.0,50.0,99.0,UK100,0,48,-0.12970621137437954,-1.4193120103323575,-0.1386308007463345
composite_T70_C50_noR,False,70.0,50.0,99.0,UK100,2,42,-0.12055740460367192,-1.205723103331063,-0.13712009358744326
composite_T60_C70_Rmax15,True,60.0,70.0,15.0,UK100_ETF,3,54,-0.07286709187839391,-0.48594481621058966,-0.10896704616156438
composite_T70_C50_noR,False,70.0,50.0,99.0,DAX40,0,45,-0.04964627023803225,-0.4469292083839064,-0.09367893981752184
composite_T70_C50_noR,False,70.0,50.0,99.0,DAX40,1,22,-0.059273794161798454,-0.7239225012485626,-0.0718786913506465
composite_T70_C50_noR,False,70.0,50.0,99.0,DAX40,2,37,-0.10834287332675141,-1.0225105770780956,-0.12250826231471301
composite_T70_C50_noR,False,70.0,50.0,99.0,UK100,3,74,-0.10091462577042953,-0.5285685761704036,-0.12869071232062923
composite_T70_C50_noR,False,70.0,50.0,99.0,CAC40,0,44,-0.10051942373966316,-1.0226956300625314,-0.12188109439956374
composite_T70_C50_noR,False,70.0,50.0,99.0,CAC40,1,35,-0.11644184661506207,-1.2361253413795974,-0.11644184661506207
composite_T70_C50_noR,False,70.0,50.0,99.0,CAC40,2,36,-0.08417126713248668,-0.8143481439898351,-0.10961585291739162
composite_T70_C50_noR,False,70.0,50.0,99.0,IBEX35,0,32,-0.07491013911030664,-0.8703586625092103,-0.08919160925305936
composite_T70_C50_noR,False,70.0,50.0,99.0,IBEX35,1,19,-0.07592643673751032,-1.3208835562346175,-0.0822313415772149
composite_T70_C50_noR,False,70.0,50.0,99.0,DAX40,3,87,-0.09981295152588521,-0.4512303558157613,-0.12855874414687918
composite_T70_C50_noR,False,70.0,50.0,99.0,IBEX35,2,30,-0.08713527362625995,-1.1752786777731894,-0.09704170712369109
composite_T70_C50_noR,False,70.0,50.0,99.0,CAC40,3,70,-0.1847143936182749,-1.103487342844774,-0.20831571056127896
composite_T70_C50_noR,False,70.0,50.0,99.0,FTSE250,1,27,-0.097282563148257,-1.0905117781287659,-0.097282563148257
composite_T70_C50_noR,False,70.0,50.0,99.0,FTSE250,0,44,-0.03332257686487372,-0.2990613516631152,-0.07129568560254929
composite_T70_C50_noR,False,70.0,50.0,99.0,FTSE250,2,30,-0.03011241943430487,-0.27681381434540236,-0.06989431038096228
composite_T70_C50_noR,False,70.0,50.0,99.0,UK100_ETF,1,33,-0.13476241746711604,-1.7161221798298636,-0.13932139061460758
composite_T70_C50_noR,False,70.0,50.0,99.0,UK100_ETF,0,52,-0.168135110821222,-1.7979962713779456,-0.17473727869589128
composite_T70_C50_noR,False,70.0,50.0,99.0,IBEX35,3,86,-0.0025469358232832473,0.016898058264102088,-0.07921928806274203
composite_T70_C50_noR,False,70.0,50.0,99.0,FTSE250,3,67,-0.11013880284722632,-0.6234789888663432,-0.13780018141085038
composite_T70_C50_Rmax5,True,70.0,50.0,5.0,UK100,1,13,-0.06868556108772483,-1.258354686170857,-0.07661542873418459
composite_T70_C50_Rmax5,True,70.0,50.0,5.0,UK100,0,17,-0.08611877049581274,-1.3237994923290828,-0.09908123798858826
composite_T70_C50_noR,False,70.0,50.0,99.0,UK100_ETF,2,37,-0.10872938102518415,-1.1380478422801883,-0.12411344526424384
composite_T70_C50_Rmax5,True,70.0,50.0,5.0,UK100,2,19,-0.09482052554955245,-1.2092688056753842,-0.09521673938079167
composite_T70_C50_Rmax5,True,70.0,50.0,5.0,DAX40,0,14,0.01991560052313268,0.3111766344441436,-0.025862096852449667
composite_T70_C50_Rmax5,True,70.0,50.0,5.0,DAX40,1,8,-0.014655983941358475,-0.28501717385049574,-0.03615971629818171
composite_T70_C50_Rmax5,True,70.0,50.0,5.0,UK100,3,38,-0.08806375957208545,-0.5869658326883294,-0.09225733722772478
composite_T70_C50_Rmax5,True,70.0,50.0,5.0,DAX40,2,27,-0.14855160295266467,-1.66174692323487,-0.16650457033578903
composite_T70_C50_noR,False,70.0,50.0,99.0,UK100_ETF,3,85,-0.1954647646973825,-1.2247758044188284,-0.21426493249019107
composite_T70_C50_Rmax5,True,70.0,50.0,5.0,CAC40,1,14,-0.10105172041667065,-1.4396077469150006,-0.1046083294237371
composite_T70_C50_Rmax5,True,70.0,50.0,5.0,CAC40,0,14,-0.05319154295888073,-0.8977073742810977,-0.062145178544170676
composite_T70_C50_Rmax5,True,70.0,50.0,5.0,DAX40,3,39,-0.03970428357706968,-0.23092662947790268,-0.09919533104925349
composite_T70_C50_Rmax5,True,70.0,50.0,5.0,IBEX35,1,11,-0.08593232198876288,-1.7125002938609446,-0.09216895720486362
composite_T70_C50_Rmax5,True,70.0,50.0,5.0,CAC40,2,16,-0.06177297905276591,-0.8264465619226868,-0.06825885895439243
composite_T70_C50_Rmax5,True,70.0,50.0,5.0,IBEX35,0,14,-0.03196525671771511,-0.47903292277630233,-0.06893162634901906
composite_T70_C50_Rmax5,True,70.0,50.0,5.0,IBEX35,2,16,-0.07504096362289603,-1.146080619320161,-0.08507864491015205
composite_T70_C50_Rmax5,True,70.0,50.0,5.0,CAC40,3,27,-0.07466653372870513,-0.5834957032715319,-0.09377053178609196
composite_T70_C50_Rmax5,True,70.0,50.0,5.0,FTSE250,0,16,-0.018208785928979343,-0.256995313995223,-0.07858635124744773
composite_T70_C50_Rmax5,True,70.0,50.0,5.0,FTSE250,1,17,-0.11270335770912565,-1.9633455070249983,-0.12011017269890456
composite_T70_C50_Rmax5,True,70.0,50.0,5.0,FTSE250,2,16,-0.05380673739706321,-0.7583450410386906,-0.07283956677411607
composite_T70_C50_Rmax5,True,70.0,50.0,5.0,UK100_ETF,0,17,-0.13895652134293102,-2.133537516017929,-0.15068118963472166
composite_T70_C50_Rmax5,True,70.0,50.0,5.0,UK100_ETF,1,16,-0.08483855731721524,-1.30644063542301,-0.08483855731721524
composite_T70_C50_Rmax5,True,70.0,50.0,5.0,IBEX35,3,39,0.0550662459341984,0.3625036880669738,-0.05548069889116858
composite_T70_C50_Rmax5,True,70.0,50.0,5.0,FTSE250,3,28,-0.046224674227087426,-0.35269807098158495,-0.0720887017080799
composite_T70_C50_Rmax5,True,70.0,50.0,5.0,UK100_ETF,2,18,-0.10546062368873632,-1.3748245516582414,-0.11045556733159556
composite_T70_C50_Rmax15,True,70.0,50.0,15.0,UK100,1,27,-0.13494790710566362,-1.767039780347403,-0.13494790710566362
composite_T70_C50_Rmax15,True,70.0,50.0,15.0,UK100,0,43,-0.1207044907217587,-1.2713619049862996,-0.12897299305734644
composite_T70_C50_Rmax5,True,70.0,50.0,5.0,UK100_ETF,3,37,-0.05333235387500568,-0.39923571157701293,-0.08880225917902707
composite_T70_C50_Rmax15,True,70.0,50.0,15.0,UK100,2,34,-0.11863060856985808,-1.20035877795199,-0.1352295852244908
composite_T70_C50_Rmax15,True,70.0,50.0,15.0,DAX40,1,21,-0.06089311757221638,-0.7718763379174424,-0.07347631726292181
composite_T70_C50_Rmax15,True,70.0,50.0,15.0,DAX40,0,41,-0.029880920112123177,-0.24516823177708083,-0.09597214896308115
composite_T70_C50_Rmax15,True,70.0,50.0,15.0,DAX40,2,37,-0.12331002372656208,-1.1552038467110344,-0.13723763576965065
composite_T70_C50_Rmax15,True,70.0,50.0,15.0,UK100,3,71,-0.13087688107177486,-0.6875355651126089,-0.1660970931363579
composite_T70_C50_Rmax15,True,70.0,50.0,15.0,CAC40,1,31,-0.12617580616407287,-1.3070936496375913,-0.13331300242905575
composite_T70_C50_Rmax15,True,70.0,50.0,15.0,CAC40,0,42,-0.08740987286026869,-0.8864058504919897,-0.14441907295257528
composite_T70_C50_Rmax15,True,70.0,50.0,15.0,CAC40,2,33,-0.09876689330491084,-0.9342610557188273,-0.11719411199627272
composite_T70_C50_Rmax15,True,70.0,50.0,15.0,DAX40,3,78,-0.08278081943345572,-0.37271587708063136,-0.12108418701819557
composite_T70_C50_Rmax15,True,70.0,50.0,15.0,IBEX35,1,18,-0.09119850007397667,-1.5484422674773284,-0.09739920443671668
composite_T70_C50_Rmax15,True,70.0,50.0,15.0,IBEX35,0,30,-0.061295516479118906,-0.7272042082312035,-0.09719036581983853
composite_T70_C50_Rmax15,True,70.0,50.0,15.0,IBEX35,2,26,-0.11328618199952412,-1.4292650089413694,-0.12290882510916568
composite_T70_C50_Rmax15,True,70.0,50.0,15.0,CAC40,3,65,-0.20146950740738656,-1.21533744106176,-0.22594945013166035
composite_T70_C50_Rmax15,True,70.0,50.0,15.0,FTSE250,1,27,-0.11221269631491326,-1.3159785254825138,-0.11901905624192155
composite_T70_C50_Rmax15,True,70.0,50.0,15.0,FTSE250,0,39,-0.0507132147609245,-0.4644216440962032,-0.08520346718645067
composite_T70_C50_Rmax15,True,70.0,50.0,15.0,FTSE250,2,32,-0.06625023676595465,-0.671338186291444,-0.09608722537329628
composite_T70_C50_Rmax15,True,70.0,50.0,15.0,UK100_ETF,1,29,-0.13357094176701778,-1.679202679414896,-0.13813619284999457
composite_T70_C50_Rmax15,True,70.0,50.0,15.0,UK100_ETF,0,48,-0.19532857029767003,-2.04523860161491,-0.20240711640954112
composite_T70_C50_Rmax15,True,70.0,50.0,15.0,IBEX35,3,74,0.04818740804239341,0.23756447759321553,-0.0699173688007716
composite_T70_C50_Rmax15,True,70.0,50.0,15.0,FTSE250,3,55,-0.08228686258809081,-0.4509758559642439,-0.11577069380190774
composite_T70_C50_Rmax15,True,70.0,50.0,15.0,UK100_ETF,2,35,-0.13918426129346495,-1.475431766292641,-0.14674722506832205
composite_T70_C60_noR,False,70.0,60.0,99.0,UK100,1,26,-0.10477257099853521,-1.4487966052498824,-0.10477257099853521
composite_T70_C60_noR,False,70.0,60.0,99.0,UK100,0,51,-0.12656188364518128,-1.5017534547269258,-0.1308969165645203
composite_T70_C60_noR,False,70.0,60.0,99.0,UK100,2,39,-0.09520771555196039,-1.079788243960715,-0.11172219524751226
composite_T70_C60_noR,False,70.0,60.0,99.0,DAX40,1,21,-0.027450259096672203,-0.3841951730993933,-0.05038629362470326
composite_T70_C60_noR,False,70.0,60.0,99.0,DAX40,0,43,-0.030341153378101282,-0.2956109852744017,-0.07271240974596827
composite_T70_C50_Rmax15,True,70.0,50.0,15.0,UK100_ETF,3,69,-0.1306392092607772,-0.7883547599535257,-0.17969240537145847
composite_T70_C60_noR,False,70.0,60.0,99.0,DAX40,2,38,-0.11909805431455511,-1.328778557399848,-0.13309258017837333
composite_T70_C60_noR,False,70.0,60.0,99.0,UK100,3,88,-0.1217309052367207,-0.6951176439520748,-0.13586273064882493
composite_T70_C60_noR,False,70.0,60.0,99.0,CAC40,0,43,-0.04227883586291359,-0.4414182876213611,-0.07170551065757524
composite_T70_C60_noR,False,70.0,60.0,99.0,CAC40,1,34,-0.1144467305639153,-1.315976943794968,-0.1144467305639153
composite_T70_C60_noR,False,70.0,60.0,99.0,CAC40,2,36,-0.08499556530808472,-0.9043615747391204,-0.11606536600676198
composite_T70_C60_noR,False,70.0,60.0,99.0,IBEX35,1,18,-0.05236013831645592,-1.0579267615582937,-0.06588371605656929
composite_T70_C60_noR,False,70.0,60.0,99.0,DAX40,3,89,-0.06601664461907153,-0.3313138685976063,-0.10433655889110505
composite_T70_C60_noR,False,70.0,60.0,99.0,IBEX35,0,33,-0.06306394778301183,-0.7543914900312241,-0.08324041196430354
composite_T70_C60_noR,False,70.0,60.0,99.0,IBEX35,2,28,-0.09143294716222938,-1.3303123231117613,-0.1012927421864589
composite_T70_C60_noR,False,70.0,60.0,99.0,CAC40,3,69,-0.18940034385331483,-1.2466402508651362,-0.20427708608100814
composite_T70_C60_noR,False,70.0,60.0,99.0,FTSE250,1,26,-0.09460354306868135,-1.1244555249926855,-0.10110310092615404
composite_T70_C60_noR,False,70.0,60.0,99.0,FTSE250,0,45,-0.019939865299788972,-0.18565664957052005,-0.06389592015601142
composite_T70_C60_noR,False,70.0,60.0,99.0,FTSE250,2,29,-0.008242957262422745,-0.0701947364332216,-0.059445134301854385
composite_T70_C60_noR,False,70.0,60.0,99.0,UK100_ETF,1,30,-0.1096764169311949,-1.4411309752846098,-0.11436756926869163
composite_T70_C60_noR,False,70.0,60.0,99.0,UK100_ETF,0,50,-0.1638064785007527,-1.9383120522944384,-0.16969892502304207
composite_T70_C60_noR,False,70.0,60.0,99.0,IBEX35,3,90,-0.03468235208904025,-0.14042891060644733,-0.10540533701015242
composite_T70_C60_noR,False,70.0,60.0,99.0,FTSE250,3,65,-0.11198677906476007,-0.6963551035886254,-0.13423702060395803
composite_T70_C60_Rmax5,True,70.0,60.0,5.0,UK100,1,11,-0.050727121321556434,-0.9737400087361164,-0.05880989978366824
composite_T70_C60_noR,False,70.0,60.0,99.0,UK100_ETF,2,39,-0.07603715112738285,-0.8760172094998043,-0.09335485618372019
composite_T70_C60_Rmax5,True,70.0,60.0,5.0,UK100,0,17,-0.0934419831892026,-1.4553430565291976,-0.1063005784243849
composite_T70_C60_Rmax5,True,70.0,60.0,5.0,UK100,2,17,-0.08897262451425081,-1.1794143985062866,-0.0893713980801496
composite_T70_C60_Rmax5,True,70.0,60.0,5.0,DAX40,0,14,0.01991560052313268,0.3111766344441436,-0.025862096852449667
composite_T70_C60_Rmax5,True,70.0,60.0,5.0,DAX40,1,8,-0.017943683844309444,-0.3537463718722876,-0.039375666824640554
composite_T70_C60_Rmax5,True,70.0,60.0,5.0,DAX40,2,25,-0.15113084334378268,-1.7880924247500272,-0.1690294269042638
composite_T70_C60_Rmax5,True,70.0,60.0,5.0,UK100,3,37,-0.08639451710670187,-0.5842343432686967,-0.10297596469557668
composite_T70_C60_noR,False,70.0,60.0,99.0,UK100_ETF,3,90,-0.15841114975118875,-1.042951643042974,-0.18477547366601577
composite_T70_C60_Rmax5,True,70.0,60.0,5.0,CAC40,1,12,-0.07588454991947513,-1.1354423114395478,-0.08425625149922877
composite_T70_C60_Rmax5,True,70.0,60.0,5.0,CAC40,0,14,-0.05512380363182656,-0.9379804718504079,-0.0640591665054685
composite_T70_C60_Rmax5,True,70.0,60.0,5.0,CAC40,2,15,-0.05419380122651496,-0.7690090590489087,-0.07200426387864411
composite_T70_C60_Rmax5,True,70.0,60.0,5.0,DAX40,3,38,-0.02596507439437412,-0.16372814521052778,-0.08105233949893653
composite_T70_C60_Rmax5,True,70.0,60.0,5.0,IBEX35,0,13,-0.0246472127572559,-0.37443688804846864,-0.061893036736554885
composite_T70_C60_Rmax5,True,70.0,60.0,5.0,IBEX35,1,10,-0.07647143181446314,-1.5724388676405447,-0.08277261818170534
composite_T70_C60_Rmax5,True,70.0,60.0,5.0,IBEX35,2,14,-0.05810877955022786,-0.9494221662194305,-0.06833020937178047
composite_T70_C60_Rmax5,True,70.0,60.0,5.0,CAC40,3,25,-0.06864379710835078,-0.5507416606720544,-0.08088759940618251
composite_T70_C60_Rmax5,True,70.0,60.0,5.0,FTSE250,0,16,-0.01992446193929276,-0.2832273616816241,-0.08019651771673719
composite_T70_C60_Rmax5,True,70.0,60.0,5.0,FTSE250,1,16,-0.10892418611594135,-1.9133182044242227,-0.11636254819321168
composite_T70_C60_Rmax5,True,70.0,60.0,5.0,FTSE250,2,16,-0.05689933824893889,-0.8112540942775032,-0.077993402073399
composite_T70_C60_Rmax5,True,70.0,60.0,5.0,UK100_ETF,0,16,-0.13371431974979242,-2.084806931563939,-0.14551037012195622
composite_T70_C60_Rmax5,True,70.0,60.0,5.0,IBEX35,3,36,0.04384601707230784,0.30606020077841134,-0.06225803493115745
composite_T70_C60_Rmax5,True,70.0,60.0,5.0,UK100_ETF,1,14,-0.0720803427067207,-1.2321924214522895,-0.0720803427067207
composite_T70_C60_Rmax5,True,70.0,60.0,5.0,FTSE250,3,27,-0.08689819479121563,-0.7490312183883405,-0.10574976360868227
composite_T70_C60_Rmax5,True,70.0,60.0,5.0,UK100_ETF,2,16,-0.10207899155812117,-1.4289273853117106,-0.1070928176139414
composite_T70_C60_Rmax15,True,70.0,60.0,15.0,UK100,1,23,-0.09865383873356148,-1.3273965651490325,-0.09865383873356148
composite_T70_C60_Rmax15,True,70.0,60.0,15.0,UK100,0,41,-0.14567349592178858,-1.6438024781831968,-0.15213708741444
composite_T70_C60_Rmax15,True,70.0,60.0,15.0,UK100,2,31,-0.11687312043515308,-1.2716811706088225,-0.12940900312351045
composite_T70_C60_Rmax5,True,70.0,60.0,5.0,UK100_ETF,3,37,-0.0674820357048651,-0.5196439140212171,-0.08541905149238505
composite_T70_C60_Rmax15,True,70.0,60.0,15.0,DAX40,1,19,-0.0509135828376962,-0.6720307581292725,-0.06567645587516924
composite_T70_C60_Rmax15,True,70.0,60.0,15.0,DAX40,0,39,-0.0562116558526482,-0.5371464695972052,-0.09815720123360894
composite_T70_C60_Rmax15,True,70.0,60.0,15.0,DAX40,2,34,-0.14018740361710025,-1.4114885358808942,-0.15384689168731258
composite_T70_C60_Rmax15,True,70.0,60.0,15.0,UK100,3,69,-0.15440811535877097,-0.8514377817623462,-0.18128301996201523
composite_T70_C60_Rmax15,True,70.0,60.0,15.0,CAC40,1,29,-0.11907160314659526,-1.293197069045972,-0.12626682491785235
composite_T70_C60_Rmax15,True,70.0,60.0,15.0,CAC40,0,38,-0.09182349410170787,-1.0302630072797612,-0.12596353836401453
composite_T70_C60_Rmax15,True,70.0,60.0,15.0,CAC40,2,31,-0.1156507788959007,-1.1746198089967543,-0.1441288827721594
composite_T70_C60_Rmax15,True,70.0,60.0,15.0,DAX40,3,71,-0.06451145476096876,-0.311350594820933,-0.10174975588551527
composite_T70_C60_Rmax15,True,70.0,60.0,15.0,IBEX35,1,16,-0.08609839007249209,-1.549069688821292,-0.09233389221487842
composite_T70_C60_Rmax15,True,70.0,60.0,15.0,IBEX35,0,29,-0.054199200232251665,-0.6484247786529976,-0.0903654035582
composite_T70_C60_Rmax15,True,70.0,60.0,15.0,IBEX35,2,24,-0.12039512926334905,-1.6117983464451395,-0.1299406258788044
composite_T70_C60_Rmax15,True,70.0,60.0,15.0,CAC40,3,59,-0.20068196821229556,-1.269187945079805,-0.21983897460692858
composite_T70_C60_Rmax15,True,70.0,60.0,15.0,FTSE250,1,26,-0.1219578471335866,-1.4797393683432547,-0.1219578471335866
composite_T70_C60_Rmax15,True,70.0,60.0,15.0,FTSE250,0,36,-0.02146749607439047,-0.1885955400578049,-0.06773249794809089
composite_T70_C60_Rmax15,True,70.0,60.0,15.0,FTSE250,2,29,-0.04521984260356127,-0.4685718840712263,-0.08318182588907175
composite_T70_C60_Rmax15,True,70.0,60.0,15.0,UK100_ETF,1,26,-0.11785815720074821,-1.597396130424517,-0.12327263125756383
composite_T70_C60_Rmax15,True,70.0,60.0,15.0,UK100_ETF,0,41,-0.18679149394937022,-2.082254111444001,-0.19648303605819661
composite_T70_C60_Rmax15,True,70.0,60.0,15.0,IBEX35,3,70,0.009518515356544688,0.07040012149326585,-0.08904124470335117
composite_T70_C60_Rmax15,True,70.0,60.0,15.0,FTSE250,3,53,-0.11681078231188002,-0.6863317821793973,-0.14781640898133253
composite_T70_C60_Rmax15,True,70.0,60.0,15.0,UK100_ETF,2,32,-0.12957382773214488,-1.441145503935892,-0.13630299456867334
composite_T70_C70_noR,False,70.0,70.0,99.0,UK100,1,24,-0.08697379351864565,-1.4517825691612132,-0.08697379351864565
composite_T70_C70_noR,False,70.0,70.0,99.0,UK100,0,41,-0.06876008118176269,-1.0641077242486399,-0.07475798381629772
composite_T70_C70_noR,False,70.0,70.0,99.0,UK100,2,43,-0.10370477430951597,-1.4758705124551976,-0.10779459323885554
composite_T70_C70_noR,False,70.0,70.0,99.0,DAX40,0,51,-0.027107843916566843,-0.33543227311834184,-0.06089192356234663
composite_T70_C70_noR,False,70.0,70.0,99.0,DAX40,1,21,-0.023301846908591828,-0.4745854148174555,-0.04744896359332251
composite_T70_C60_Rmax15,True,70.0,60.0,15.0,UK100_ETF,3,68,-0.19716933353863786,-1.0510221667778514,-0.2253298418715055
composite_T70_C70_noR,False,70.0,70.0,99.0,UK100,3,78,-0.051522365300805006,-0.3309298525512323,-0.0982017373338312
composite_T70_C70_noR,False,70.0,70.0,99.0,DAX40,2,39,-0.06844407805035613,-1.078799463055233,-0.08832203810271899
composite_T70_C70_noR,False,70.0,70.0,99.0,CAC40,1,28,-0.09555022111784306,-1.3336855813591602,-0.09555022111784306
composite_T70_C70_noR,False,70.0,70.0,99.0,CAC40,0,36,-0.0385164059478349,-0.6187045397350669,-0.05169265582490634
composite_T70_C70_noR,False,70.0,70.0,99.0,CAC40,2,34,-0.012876235160675042,-0.17433330432102878,-0.05497069426302259
composite_T70_C70_noR,False,70.0,70.0,99.0,IBEX35,1,13,-0.051955014251260256,-1.243194792103475,-0.054890258913762535
composite_T70_C70_noR,False,70.0,70.0,99.0,DAX40,3,87,-0.054190543689389026,-0.31736216053845706,-0.08027003726745363
composite_T70_C70_noR,False,70.0,70.0,99.0,IBEX35,0,28,0.009043841898841887,0.15308851871931356,-0.03834993446138657
composite_T70_C70_noR,False,70.0,70.0,99.0,IBEX35,2,27,-0.054780600944647984,-0.9557888419882575,-0.06336495218142857
composite_T70_C70_noR,False,70.0,70.0,99.0,CAC40,3,65,-0.1219016031398985,-0.9706121359611087,-0.143271732456412
composite_T70_C70_noR,False,70.0,70.0,99.0,FTSE250,1,28,-0.07442905457738214,-1.2384753308111607,-0.07442905457738214
composite_T70_C70_noR,False,70.0,70.0,99.0,FTSE250,0,36,0.039904329301437835,0.5066091375528108,-0.04502550368462688
composite_T70_C70_noR,False,70.0,70.0,99.0,FTSE250,2,33,-0.005656726119967259,-0.06417489062307861,-0.026009297481267568
composite_T70_C70_noR,False,70.0,70.0,99.0,UK100_ETF,1,27,-0.08335685953484462,-1.4123540432788564,-0.08335685953484462
composite_T70_C70_noR,False,70.0,70.0,99.0,UK100_ETF,0,41,-0.08820043933207089,-1.323224454567805,-0.09944090071225398
composite_T70_C70_noR,False,70.0,70.0,99.0,FTSE250,3,59,-0.10580101095767425,-0.8486998109882025,-0.11649907946849003
composite_T70_C70_noR,False,70.0,70.0,99.0,IBEX35,3,83,0.041162985287053644,0.260853270134136,-0.05938326239902514
composite_T70_C70_Rmax5,True,70.0,70.0,5.0,UK100,0,12,-0.08784450107149189,-1.7063294471002448,-0.09486403558033851
composite_T70_C70_Rmax5,True,70.0,70.0,5.0,UK100,1,6,-0.02081651835806697,-0.4899265607036349,-0.029327933665603045
composite_T70_C70_noR,False,70.0,70.0,99.0,UK100_ETF,2,42,-0.09052249172898119,-1.4816191349673393,-0.09052249172898119
composite_T70_C70_Rmax5,True,70.0,70.0,5.0,DAX40,0,12,-0.01295882115540714,-0.19816783276409125,-0.047506718761095024
composite_T70_C70_Rmax5,True,70.0,70.0,5.0,UK100,2,15,-0.0739258313693888,-1.0806349493867013,-0.07947765817380315
composite_T70_C70_Rmax5,True,70.0,70.0,5.0,DAX40,1,5,-0.01784397056776199,-0.45284074034894967,-0.04180419620288034
composite_T70_C70_Rmax5,True,70.0,70.0,5.0,DAX40,2,22,-0.17887329163837606,-2.3301948367270815,-0.19413453949947423
composite_T70_C70_Rmax5,True,70.0,70.0,5.0,UK100,3,31,-0.04979739636014513,-0.3564418781586065,-0.07507219061511605
composite_T70_C70_noR,False,70.0,70.0,99.0,UK100_ETF,3,74,-0.061725317113512035,-0.446435006768445,-0.10599329502165877
composite_T70_C70_Rmax5,True,70.0,70.0,5.0,CAC40,0,10,-0.03984336985656556,-0.7695470832906053,-0.048524563043863767
composite_T70_C70_Rmax5,True,70.0,70.0,5.0,CAC40,1,9,-0.08664446264648062,-1.5208199056894327,-0.09025807268899755
composite_T70_C70_Rmax5,True,70.0,70.0,5.0,CAC40,2,12,-0.041169046496232986,-0.6761155389690963,-0.04633762682513598
composite_T70_C70_Rmax5,True,70.0,70.0,5.0,DAX40,3,30,-0.010927702286299246,-0.06921982182372534,-0.0682537368698869
composite_T70_C70_Rmax5,True,70.0,70.0,5.0,IBEX35,0,9,-0.0034148948824466174,-0.04925894922549078,-0.0399286427372062
composite_T70_C70_Rmax5,True,70.0,70.0,5.0,IBEX35,1,9,-0.0844387343348082,-1.9177186988243173,-0.08727340606308609
composite_T70_C70_Rmax5,True,70.0,70.0,5.0,IBEX35,2,10,-0.042283179337623156,-0.8537729186960089,-0.052676349014527446
composite_T70_C70_Rmax5,True,70.0,70.0,5.0,CAC40,3,21,-0.07735523972541436,-0.7382812346101822,-0.08690198038925323
composite_T70_C70_Rmax5,True,70.0,70.0,5.0,FTSE250,0,12,0.010003574867003096,0.18505685835820712,-0.040986213042473074
composite_T70_C70_Rmax5,True,70.0,70.0,5.0,FTSE250,1,12,-0.07255399158141551,-1.4847261386088446,-0.08165800867891504
composite_T70_C70_Rmax5,True,70.0,70.0,5.0,FTSE250,2,11,-0.021866935512391716,-0.39662855079444975,-0.03429633261083609
composite_T70_C70_Rmax5,True,70.0,70.0,5.0,UK100_ETF,0,11,-0.10830858092075302,-1.8975929618226923,-0.11373764572110567
composite_T70_C70_Rmax5,True,70.0,70.0,5.0,UK100_ETF,1,9,-0.048393957568447,-0.9315961154941693,-0.048393957568447
composite_T70_C70_Rmax5,True,70.0,70.0,5.0,FTSE250,3,20,-0.035167530069521336,-0.3271976699958382,-0.055087111435436875
composite_T70_C70_Rmax5,True,70.0,70.0,5.0,IBEX35,3,30,0.04864407988015862,0.36807990259689455,-0.042907111481861326
composite_T70_C70_Rmax5,True,70.0,70.0,5.0,UK100_ETF,2,12,-0.06286697745527348,-0.9333718049565101,-0.07149528693483476
composite_T70_C70_Rmax15,True,70.0,70.0,15.0,UK100,1,17,-0.09488933810438305,-1.4225403699418038,-0.09488933810438305
composite_T70_C70_Rmax15,True,70.0,70.0,15.0,UK100,0,30,-0.12488482193840866,-1.620333486977774,-0.1280770958267916
composite_T70_C70_Rmax5,True,70.0,70.0,5.0,UK100_ETF,3,31,-0.03320535518744416,-0.28373125109899194,-0.05612282382790579
composite_T70_C70_Rmax15,True,70.0,70.0,15.0,UK100,2,25,-0.11703282141954441,-1.4458701004644816,-0.11703282141954441
composite_T70_C70_Rmax15,True,70.0,70.0,15.0,DAX40,1,15,-0.069730889134347,-1.1307712346409897,-0.08505436058997795
composite_T70_C70_Rmax15,True,70.0,70.0,15.0,DAX40,0,32,-0.08241549693174222,-0.9343180969580254,-0.10383412028630756
composite_T70_C70_Rmax15,True,70.0,70.0,15.0,DAX40,2,28,-0.146094481745088,-1.7068154708210483,-0.16053603682172513
composite_T70_C70_Rmax15,True,70.0,70.0,15.0,UK100,3,55,-0.10453332047357489,-0.6316250764706935,-0.14628332040116465
composite_T70_C70_Rmax15,True,70.0,70.0,15.0,CAC40,1,24,-0.12972212094365654,-1.6140143065210926,-0.13683035172018332
composite_T70_C70_Rmax15,True,70.0,70.0,15.0,CAC40,0,29,-0.11384223601178634,-1.6421984192857049,-0.12332754252779343
composite_T70_C70_Rmax15,True,70.0,70.0,15.0,CAC40,2,27,-0.09869634331903476,-1.2049399573292987,-0.10844391542799114
composite_T70_C70_Rmax15,True,70.0,70.0,15.0,IBEX35,1,12,-0.089836222133852,-1.8405191921888653,-0.09265418268545456
composite_T70_C70_Rmax15,True,70.0,70.0,15.0,DAX40,3,57,-0.057339677631989994,-0.3113347178255951,-0.09337745996639768
composite_T70_C70_Rmax15,True,70.0,70.0,15.0,IBEX35,0,20,-0.046416958375195105,-0.6093831221458199,-0.06872899841784019
composite_T70_C70_Rmax15,True,70.0,70.0,15.0,IBEX35,2,19,-0.09193648475015104,-1.44724686664495,-0.1017908153704179
composite_T70_C70_Rmax15,True,70.0,70.0,15.0,CAC40,3,50,-0.20325534884717078,-1.4597442379764478,-0.21414614792011422
composite_T70_C70_Rmax15,True,70.0,70.0,15.0,FTSE250,1,19,-0.08174455000039049,-1.0690043738375579,-0.08910986223772976
composite_T70_C70_Rmax15,True,70.0,70.0,15.0,FTSE250,0,27,0.0013218144466982107,0.036985368455368525,-0.04613566860384122
composite_T70_C70_Rmax15,True,70.0,70.0,15.0,FTSE250,2,21,-0.010568802477074146,-0.12237801585581766,-0.033602430379962245
composite_T70_C70_Rmax15,True,70.0,70.0,15.0,UK100_ETF,1,18,-0.08453429716203864,-1.274180069957406,-0.08846903553014951
composite_T70_C70_Rmax15,True,70.0,70.0,15.0,UK100_ETF,0,33,-0.1723798222263333,-2.1289475270116203,-0.17653009161943234
composite_T70_C70_Rmax15,True,70.0,70.0,15.0,IBEX35,3,60,-0.013442575144873459,-0.04510952740423815,-0.07065169723546083
composite_T70_C70_Rmax15,True,70.0,70.0,15.0,FTSE250,3,40,-0.07313376232333324,-0.5100191447642152,-0.09791632976393772
composite_T70_C70_Rmax15,True,70.0,70.0,15.0,UK100_ETF,2,26,-0.10597198811716846,-1.2898684945946215,-0.11420342397989713
composite_T70_C70_Rmax15,True,70.0,70.0,15.0,UK100_ETF,3,52,-0.08184436279270535,-0.5581455720019397,-0.1175947673330554
