symbol,arm,long_thr,exit_thr,n_trades,total_return,sharpe,max_dd,pct_time_in_market
UK100,trend_long,45.0,35.0,47,-0.03001778747688022,-0.1300577377488839,-0.12822568234398157,0.1805940594059406
UK100,trend_long,65.0,35.0,54,-0.12625712889261154,-0.5277876805088828,-0.16401053956273237,0.20752475247524751
UK100,trend_long,55.0,35.0,53,-0.08912875414077448,-0.3675620299566893,-0.1374897584678587,0.2213861386138614
UK100,trend_long,55.0,45.0,54,-0.08824840094521713,-0.3670876869208638,-0.13704245132555626,0.2194059405940594
UK100,trend_long,65.0,45.0,54,-0.11878834004259953,-0.5012689437543336,-0.15785284550953016,0.20633663366336633
UK100,trend_long,65.0,55.0,58,-0.10156980947754235,-0.4449076272534107,-0.1421353415402017,0.2003960396039604
UK100,structure_long,65.0,35.0,0,0.0,0.0,0.0,0.0
UK100,structure_long,65.0,45.0,0,0.0,0.0,0.0,0.0
UK100,structure_long,65.0,55.0,0,0.0,0.0,0.0,0.0
UK100,structure_long,45.0,35.0,96,-0.10176383420613766,-0.27470448197769026,-0.2002214664160905,0.38693069306930694
UK100,structure_long,55.0,35.0,120,-0.27652231746784584,-0.7722447338193218,-0.30804288000732805,0.39841584158415844
UK100,structure_long,55.0,45.0,123,-0.22729596713582145,-0.665162316098712,-0.28221281636280016,0.32673267326732675
UK100,momentum_long,45.0,35.0,153,-0.06027271959008007,-0.13563534960116275,-0.11635721107315755,0.4895049504950495
UK100,momentum_long,55.0,35.0,135,-0.13681945500677462,-0.35585032882691264,-0.17894517681425093,0.4752475247524752
UK100,momentum_long,55.0,45.0,154,-0.14368556160820212,-0.39119154976219406,-0.18889260885400516,0.44594059405940595
UK100,momentum_long,65.0,35.0,132,-0.20894311082184935,-0.5887995676075287,-0.27803835813880484,0.45584158415841586
UK100,momentum_long,65.0,45.0,142,-0.19953572416432497,-0.5715572306796717,-0.26529446358881803,0.44356435643564357
UK100,confidence_long,45.0,35.0,68,-0.03429900487159432,-0.11080173418916497,-0.12697129195768142,0.26851485148514853
UK100,confidence_long,55.0,35.0,83,-0.17678866566930795,-0.6131234024883484,-0.20384691775066366,0.3097029702970297
UK100,momentum_long,65.0,55.0,160,-0.16094044279717878,-0.47390381204249576,-0.22680719365673652,0.41148514851485146
UK100,confidence_long,55.0,45.0,84,-0.1467170741725924,-0.5103596493628175,-0.17476375373213304,0.3069306930693069
UK100,confidence_long,65.0,35.0,97,-0.242001823869064,-0.7728667432396239,-0.2783838451776738,0.36356435643564355
UK100,vol_long_dir,45.0,35.0,33,-0.024180603094888453,-0.10715390304271888,-0.07054947958751423,0.12594059405940594
UK100,confidence_long,65.0,45.0,97,-0.23476448905294345,-0.7501887750138464,-0.2714938843761473,0.36356435643564355
UK100,confidence_long,65.0,55.0,104,-0.2221890762492903,-0.7182302539860941,-0.26629960128962205,0.3497029702970297
UK100,vol_long_dir,55.0,35.0,65,-0.2180599288020444,-0.8099204004875395,-0.2444155788100234,0.18653465346534653
UK100,vol_long_dir,55.0,45.0,65,-0.2180599288020444,-0.8099204004875395,-0.2444155788100234,0.18653465346534653
UK100,vol_long_inv,-35.0,-45.0,29,-0.07714876302952067,-0.48517680768434485,-0.09279723967227382,0.024554455445544555
UK100,vol_long_inv,-35.0,-55.0,29,-0.08071536049748707,-0.5012630908980207,-0.09630335955194014,0.027326732673267327
UK100,vol_long_dir,65.0,35.0,65,-0.2180599288020444,-0.8099204004875395,-0.2444155788100234,0.18653465346534653
UK100,vol_long_dir,65.0,45.0,65,-0.2180599288020444,-0.8099204004875395,-0.2444155788100234,0.18653465346534653
UK100,vol_long_inv,-45.0,-55.0,29,-0.08071536049748707,-0.5012630908980207,-0.09630335955194014,0.027326732673267327
UK100,vol_long_inv,-35.0,-65.0,29,-0.08071536049748707,-0.5012630908980207,-0.09630335955194014,0.027326732673267327
UK100,risk_long_dir,45.0,35.0,0,0.0,0.0,0.0,0.0
UK100,risk_long_dir,55.0,35.0,0,0.0,0.0,0.0,0.0
UK100,risk_long_dir,55.0,45.0,0,0.0,0.0,0.0,0.0
UK100,vol_long_inv,-45.0,-65.0,29,-0.08071536049748707,-0.5012630908980207,-0.09630335955194014,0.027326732673267327
UK100,risk_long_dir,65.0,35.0,0,0.0,0.0,0.0,0.0
UK100,risk_long_dir,65.0,45.0,0,0.0,0.0,0.0,0.0
UK100,risk_long_dir,65.0,55.0,0,0.0,0.0,0.0,0.0
UK100,vol_long_inv,-55.0,-65.0,35,-0.07579119142827329,-0.4309050953101995,-0.0925968668419137,0.04237623762376238
UK100,risk_long_inv,-35.0,-45.0,3,0.014932806300558266,0.3106339114610121,-0.016057835964697675,0.017425742574257427
UK100,risk_long_inv,-45.0,-55.0,1,-0.0027788313119626595,-0.16876409263447037,-0.00592578584601311,0.005940594059405941
UK100,risk_long_inv,-35.0,-55.0,3,0.014932806300558266,0.3106339114610121,-0.016057835964697675,0.017425742574257427
UK100,risk_long_inv,-45.0,-65.0,1,-0.0027788313119626595,-0.16876409263447037,-0.00592578584601311,0.005940594059405941
UK100,risk_long_inv,-55.0,-65.0,1,-0.0027788313119626595,-0.16876409263447037,-0.00592578584601311,0.005940594059405941
UK100,vol_long_dir,65.0,55.0,65,-0.19991802467646014,-0.7363607232266649,-0.22688515591327518,0.18495049504950495
UK100,risk_long_inv,-35.0,-65.0,3,0.014932806300558266,0.3106339114610121,-0.016057835964697675,0.017425742574257427
DAX40,trend_long,45.0,35.0,24,0.1350829384593053,0.7432922585672675,-0.039174543659730277,0.12652739456050452
DAX40,trend_long,55.0,45.0,30,0.11801538111024201,0.6161770023120762,-0.04082493799114584,0.14229404808829327
DAX40,trend_long,55.0,35.0,28,0.10930546840781097,0.5555853001176125,-0.048120235240090015,0.14465904611746158
DAX40,trend_long,65.0,35.0,33,0.07999819401176533,0.38358911229546105,-0.0347747560641406,0.15451320457232953
DAX40,trend_long,65.0,45.0,34,0.07189508448709137,0.35104340748202817,-0.041891922223405875,0.15293653921955064
DAX40,trend_long,65.0,55.0,36,0.07813433010717219,0.39154821076296875,-0.040050005581471426,0.14860070949940876
DAX40,structure_long,65.0,35.0,0,0.0,0.0,0.0,0.0
DAX40,structure_long,65.0,45.0,0,0.0,0.0,0.0,0.0
DAX40,structure_long,65.0,55.0,0,0.0,0.0,0.0,0.0
DAX40,structure_long,55.0,35.0,107,-0.141512002125327,-0.3604462449577619,-0.16832582236260174,0.37839968466692947
DAX40,structure_long,45.0,35.0,98,-0.1156048586183166,-0.3281861733634855,-0.23372131342625968,0.40756799369333857
DAX40,structure_long,55.0,45.0,111,-0.15349813284919833,-0.4283848633775992,-0.17112559110765424,0.31336223886480097
DAX40,momentum_long,45.0,35.0,150,-0.07971668574521407,-0.18458162401189207,-0.138098356894641,0.5108395743003548
DAX40,momentum_long,65.0,35.0,133,-0.19407331430989339,-0.5308367985894153,-0.2283354481031562,0.4789121009065826
DAX40,momentum_long,55.0,45.0,169,-0.10247750703712755,-0.2702812495508681,-0.15614502037310463,0.4659046117461569
DAX40,momentum_long,55.0,35.0,142,-0.1106130785915731,-0.27684675836908407,-0.1840802705173653,0.5116279069767442
DAX40,momentum_long,65.0,45.0,146,-0.17826857099758386,-0.5060110920186843,-0.2019730249044016,0.448955459203784
DAX40,confidence_long,45.0,35.0,47,0.1467658429112737,0.5793104433862458,-0.052870995948876565,0.232163973196689
DAX40,confidence_long,55.0,35.0,69,0.05440412067662792,0.18890814039897036,-0.06391310762006408,0.30981474182104846
DAX40,momentum_long,65.0,55.0,155,-0.13625570433354006,-0.3877663177353563,-0.17397110308059993,0.43042964130863226
DAX40,confidence_long,55.0,45.0,72,0.07789442109466083,0.26557312493080787,-0.06275110402393103,0.3054789121009066
DAX40,confidence_long,65.0,35.0,102,-0.24175931014803176,-0.7702794229706953,-0.26092773631853694,0.3701221915648404
DAX40,vol_long_dir,45.0,35.0,38,-0.029351547410811918,-0.11589830776574514,-0.07018080719514752,0.1411115490737091
DAX40,confidence_long,65.0,45.0,102,-0.23587228426313,-0.750206110667498,-0.2551895352362986,0.3685455262120615
DAX40,confidence_long,65.0,55.0,107,-0.20114701946910574,-0.6511174710204582,-0.2182080206019561,0.3598738667717777
DAX40,vol_long_dir,55.0,35.0,60,-0.06332575318797518,-0.21389834004261057,-0.12692225093937504,0.22073314938904218
DAX40,vol_long_dir,55.0,45.0,60,-0.06332575318797518,-0.21389834004261057,-0.12692225093937504,0.22073314938904218
DAX40,vol_long_dir,65.0,35.0,60,-0.06332575318797518,-0.21389834004261057,-0.12692225093937504,0.22073314938904218
DAX40,vol_long_inv,-35.0,-45.0,35,0.024868788489000426,0.19856784510542086,-0.04075101878488874,0.016554986204178165
DAX40,vol_long_inv,-35.0,-55.0,35,0.0398870464412433,0.28063867217086824,-0.04442630758958899,0.028774142688214426
DAX40,vol_long_inv,-45.0,-55.0,35,0.0398870464412433,0.28063867217086824,-0.04442630758958899,0.028774142688214426
DAX40,vol_long_inv,-35.0,-65.0,35,0.0398870464412433,0.28063867217086824,-0.04442630758958899,0.028774142688214426
DAX40,vol_long_inv,-45.0,-65.0,35,0.0398870464412433,0.28063867217086824,-0.04442630758958899,0.028774142688214426
DAX40,risk_long_dir,45.0,35.0,0,0.0,0.0,0.0,0.0
DAX40,vol_long_inv,-55.0,-65.0,39,-0.0004247722131638376,0.003979948824848478,-0.03513081316304689,0.027591643673630272
DAX40,risk_long_dir,55.0,35.0,0,0.0,0.0,0.0,0.0
DAX40,risk_long_dir,55.0,45.0,0,0.0,0.0,0.0,0.0
DAX40,risk_long_dir,65.0,35.0,0,0.0,0.0,0.0,0.0
DAX40,vol_long_dir,65.0,45.0,60,-0.06332575318797518,-0.21389834004261057,-0.12692225093937504,0.22073314938904218
DAX40,risk_long_dir,65.0,55.0,0,0.0,0.0,0.0,0.0
DAX40,risk_long_dir,65.0,45.0,0,0.0,0.0,0.0,0.0
DAX40,vol_long_dir,65.0,55.0,61,-0.04679185478749892,-0.15434146548500183,-0.11176206558806967,0.2187623176980686
DAX40,risk_long_inv,-35.0,-55.0,1,0.008884478660567297,0.24311369150809367,-0.006995456652263532,0.005912495072920773
DAX40,risk_long_inv,-45.0,-55.0,1,0.008884478660567297,0.24311369150809367,-0.006995456652263532,0.005912495072920773
DAX40,risk_long_inv,-35.0,-45.0,1,0.008884478660567297,0.24311369150809367,-0.006995456652263532,0.005912495072920773
DAX40,risk_long_inv,-35.0,-65.0,1,0.008884478660567297,0.24311369150809367,-0.006995456652263532,0.005912495072920773
DAX40,risk_long_inv,-45.0,-65.0,1,0.008884478660567297,0.24311369150809367,-0.006995456652263532,0.005912495072920773
DAX40,risk_long_inv,-55.0,-65.0,1,0.008884478660567297,0.24311369150809367,-0.006995456652263532,0.005912495072920773
CAC40,trend_long,45.0,35.0,37,0.01302347547532623,0.07717341080245525,-0.04691341426470663,0.1520125048847206
CAC40,trend_long,55.0,45.0,43,-0.05187704126671766,-0.25740607776485563,-0.08469835169151341,0.17506838608831574
CAC40,trend_long,55.0,35.0,40,-0.04810879017642278,-0.234606215054323,-0.08128430913173834,0.18014849550605705
CAC40,trend_long,65.0,35.0,45,-0.11684321402795939,-0.5352006733277174,-0.13142679143878877,0.1848378272762798
CAC40,trend_long,65.0,45.0,45,-0.10532572207026658,-0.48537485461475804,-0.12434018751013143,0.18405627198124266
CAC40,trend_long,65.0,55.0,46,-0.09103832242899879,-0.416145503656676,-0.10925322977237606,0.18132082844861275
CAC40,structure_long,65.0,35.0,0,0.0,0.0,0.0,0.0
CAC40,structure_long,65.0,45.0,0,0.0,0.0,0.0,0.0
CAC40,structure_long,65.0,55.0,0,0.0,0.0,0.0,0.0
CAC40,structure_long,55.0,35.0,102,-0.29123888711278667,-0.8978487235168471,-0.32041866703931443,0.3767096522078937
CAC40,structure_long,45.0,35.0,103,-0.09104499208830408,-0.24379749820954874,-0.16303458160428463,0.4177413051973427
CAC40,structure_long,55.0,45.0,104,-0.28868935393910033,-0.9207922788903181,-0.30312245176523334,0.33411488862837047
CAC40,momentum_long,45.0,35.0,140,-0.05035826203081728,-0.10791887572954885,-0.10717305178234371,0.5029308323563892
CAC40,momentum_long,55.0,35.0,132,-0.14104636474431043,-0.3757629547132474,-0.15626844715547972,0.49863227823368506
CAC40,momentum_long,55.0,45.0,147,-0.0485081645908817,-0.11653856561115673,-0.0970727703883485,0.46776084407971863
CAC40,momentum_long,65.0,35.0,130,-0.20670143559973475,-0.5658704275277551,-0.22847649475818377,0.5068386088315748
CAC40,confidence_long,45.0,35.0,54,-0.004334020154729612,-0.004728862487755329,-0.062486902727908133,0.2372020320437671
CAC40,momentum_long,65.0,45.0,135,-0.12783442112783505,-0.34367113823042866,-0.15405443531492857,0.4876905041031653
CAC40,confidence_long,55.0,35.0,75,-0.10829122309571393,-0.35741671740449815,-0.1259338567475664,0.2946463462289957
CAC40,momentum_long,65.0,55.0,146,-0.043543303298414715,-0.10501839786032968,-0.09877044351501896,0.46268073466197734
CAC40,confidence_long,55.0,45.0,77,-0.06393655789842267,-0.20722853874757344,-0.09162743677115115,0.2856584603360688
CAC40,confidence_long,65.0,35.0,92,-0.23526678350944097,-0.7831643820004107,-0.23997032435225996,0.36303243454474404
CAC40,vol_long_dir,45.0,35.0,36,0.06980715870110132,0.2871271957911022,-0.06231271789302917,0.14810472840953498
CAC40,confidence_long,65.0,45.0,92,-0.22864146709401234,-0.7609607270310895,-0.23338575737164668,0.36186010160218834
CAC40,confidence_long,65.0,55.0,95,-0.17182564728734373,-0.5760899529174324,-0.17691938691962406,0.3509183274716686
CAC40,vol_long_dir,55.0,35.0,61,-0.11558396877530763,-0.4024071729613686,-0.15686947660384065,0.2024228214146151
CAC40,vol_long_dir,55.0,45.0,61,-0.11558396877530763,-0.4024071729613686,-0.15686947660384065,0.2024228214146151
CAC40,vol_long_inv,-35.0,-45.0,34,0.01428616258535631,0.13802617061259703,-0.041375200404465184,0.019538882375928098
CAC40,vol_long_dir,65.0,35.0,61,-0.11558396877530763,-0.4024071729613686,-0.15686947660384065,0.2024228214146151
CAC40,vol_long_inv,-35.0,-55.0,34,0.04437572734674533,0.32861576870500814,-0.03495864808581106,0.03712387651426338
CAC40,vol_long_dir,65.0,45.0,61,-0.11558396877530763,-0.4024071729613686,-0.15686947660384065,0.2024228214146151
CAC40,vol_long_inv,-45.0,-55.0,34,0.04437572734674533,0.32861576870500814,-0.03495864808581106,0.03712387651426338
CAC40,vol_long_inv,-35.0,-65.0,34,0.04437572734674533,0.32861576870500814,-0.03495864808581106,0.03712387651426338
CAC40,risk_long_dir,45.0,35.0,0,0.0,0.0,0.0,0.0
CAC40,risk_long_dir,55.0,35.0,0,0.0,0.0,0.0,0.0
CAC40,risk_long_dir,55.0,45.0,0,0.0,0.0,0.0,0.0
CAC40,vol_long_inv,-45.0,-65.0,34,0.04437572734674533,0.32861576870500814,-0.03495864808581106,0.03712387651426338
CAC40,vol_long_inv,-55.0,-65.0,36,0.0011873010501373127,0.015365732666814146,-0.03619153290125199,0.037905431809300505
CAC40,risk_long_dir,65.0,35.0,0,0.0,0.0,0.0,0.0
CAC40,risk_long_dir,65.0,45.0,0,0.0,0.0,0.0,0.0
CAC40,risk_long_dir,65.0,55.0,0,0.0,0.0,0.0,0.0
CAC40,risk_long_inv,-45.0,-55.0,1,0.003462959945445876,0.09513565229257524,-0.00989861500164202,0.005861664712778429
CAC40,risk_long_inv,-35.0,-45.0,2,0.024227702255797734,0.40257701013899916,-0.011073307424278256,0.017194216490816726
CAC40,risk_long_inv,-35.0,-55.0,2,0.024227702255797734,0.40257701013899916,-0.011073307424278256,0.017194216490816726
CAC40,risk_long_inv,-45.0,-65.0,1,0.003462959945445876,0.09513565229257524,-0.00989861500164202,0.005861664712778429
CAC40,risk_long_inv,-55.0,-65.0,1,0.003462959945445876,0.09513565229257524,-0.00989861500164202,0.005861664712778429
CAC40,risk_long_inv,-35.0,-65.0,2,0.024227702255797734,0.40257701013899916,-0.011073307424278256,0.017194216490816726
CAC40,vol_long_dir,65.0,55.0,61,-0.10991349119049265,-0.381698616055738,-0.15146370311580182,0.20203204376709652
IBEX35,trend_long,45.0,35.0,29,0.0077713388387454785,0.055078483892453046,-0.07011375710496515,0.11502347417840375
IBEX35,trend_long,55.0,45.0,46,0.006577893242422306,0.0413978332980519,-0.11671724228972069,0.1643192488262911
IBEX35,trend_long,55.0,35.0,41,0.01492373921827439,0.079345711995138,-0.110004755131211,0.17253521126760563
IBEX35,trend_long,65.0,35.0,39,-0.01042851485659535,-0.03834342580974185,-0.1183253476237679,0.16392801251956182
IBEX35,trend_long,65.0,45.0,39,-0.002604175229849681,-0.0017429251681204737,-0.11135412621727725,0.16314553990610328
IBEX35,trend_long,65.0,55.0,40,-0.009992163416212119,-0.03716424591499742,-0.11199245385367729,0.1607981220657277
IBEX35,structure_long,65.0,35.0,0,0.0,0.0,0.0,0.0
IBEX35,structure_long,65.0,45.0,0,0.0,0.0,0.0,0.0
IBEX35,structure_long,65.0,55.0,0,0.0,0.0,0.0,0.0
IBEX35,structure_long,55.0,35.0,115,-0.3672874569752914,-1.1608606199099647,-0.39583564417864125,0.33998435054773085
IBEX35,structure_long,45.0,35.0,95,0.0024112640784816897,0.024770697865146126,-0.15781034215940826,0.42527386541471046
IBEX35,structure_long,55.0,45.0,120,-0.34313962757876904,-1.1194915049417928,-0.35801153199105606,0.29107981220657275
IBEX35,momentum_long,45.0,35.0,142,-0.04709556590093511,-0.10818937607159877,-0.14817415804667866,0.4503129890453834
IBEX35,momentum_long,55.0,35.0,135,-0.13314481117518995,-0.344827478883881,-0.1938559915478516,0.47104851330203446
IBEX35,momentum_long,55.0,45.0,143,-0.06931353523158612,-0.16869763546767022,-0.15554971910465631,0.452660406885759
IBEX35,momentum_long,65.0,35.0,127,-0.2010701076820166,-0.5322478457066073,-0.22938543571965175,0.4565727699530516
IBEX35,confidence_long,45.0,35.0,58,-0.05865042183910629,-0.2631715215748626,-0.14519515645623038,0.18974960876369326
IBEX35,momentum_long,65.0,45.0,128,-0.12276571293225313,-0.31156271998393725,-0.18766273486586038,0.4417057902973396
IBEX35,confidence_long,55.0,35.0,69,-0.01991779041640296,-0.055374949292935974,-0.11496951980502335,0.29460093896713613
IBEX35,momentum_long,65.0,55.0,143,-0.025034222703337994,-0.051190133561419375,-0.1500453253485352,0.41118935837245696
IBEX35,confidence_long,55.0,45.0,69,-0.00251998805284237,0.005396920065011308,-0.0992590159007628,0.291471048513302
IBEX35,confidence_long,65.0,35.0,85,-0.18369611569207767,-0.6146393362941204,-0.25189826054668774,0.29694835680751175
IBEX35,vol_long_dir,45.0,35.0,27,-0.03841573619445171,-0.19426055047703983,-0.08535885936891563,0.10602503912363068
IBEX35,confidence_long,65.0,45.0,85,-0.181239627271238,-0.6064220607022958,-0.24964701159895664,0.2965571205007825
IBEX35,confidence_long,65.0,55.0,89,-0.15366001996002976,-0.5273503396403232,-0.2231726281775992,0.28442879499217527
IBEX35,vol_long_dir,55.0,35.0,63,-0.07133203453481052,-0.2298015139280738,-0.15709873959280107,0.21009389671361503
IBEX35,vol_long_dir,55.0,45.0,63,-0.07133203453481052,-0.2298015139280738,-0.15709873959280107,0.21009389671361503
IBEX35,vol_long_inv,-35.0,-45.0,23,-0.024799413167231665,-0.23008740611738793,-0.03908271289923837,0.010172143974960876
IBEX35,vol_long_dir,65.0,35.0,63,-0.07133203453481052,-0.2298015139280738,-0.15709873959280107,0.21009389671361503
IBEX35,vol_long_inv,-35.0,-55.0,23,-0.016442474152166486,-0.1396872036810547,-0.03908271289923837,0.01643192488262911
IBEX35,vol_long_inv,-45.0,-55.0,23,-0.016442474152166486,-0.1396872036810547,-0.03908271289923837,0.01643192488262911
IBEX35,vol_long_inv,-35.0,-65.0,23,-0.016442474152166486,-0.1396872036810547,-0.03908271289923837,0.01643192488262911
IBEX35,vol_long_inv,-45.0,-65.0,23,-0.016442474152166486,-0.1396872036810547,-0.03908271289923837,0.01643192488262911
IBEX35,risk_long_dir,45.0,35.0,0,0.0,0.0,0.0,0.0
IBEX35,risk_long_dir,55.0,35.0,0,0.0,0.0,0.0,0.0
IBEX35,risk_long_dir,55.0,45.0,0,0.0,0.0,0.0,0.0
IBEX35,vol_long_inv,-55.0,-65.0,28,0.011570981638753697,0.09321447029493256,-0.030342130217165808,0.030125195618153366
IBEX35,risk_long_dir,65.0,35.0,0,0.0,0.0,0.0,0.0
IBEX35,risk_long_dir,65.0,45.0,0,0.0,0.0,0.0,0.0
IBEX35,risk_long_dir,65.0,55.0,0,0.0,0.0,0.0,0.0
IBEX35,vol_long_dir,65.0,45.0,63,-0.07133203453481052,-0.2298015139280738,-0.15709873959280107,0.21009389671361503
IBEX35,risk_long_inv,-35.0,-45.0,2,-0.012319312890605172,-0.23657671598618185,-0.02350496093337362,0.006259780907668232
IBEX35,risk_long_inv,-35.0,-55.0,2,-0.012319312890605172,-0.23657671598618185,-0.02350496093337362,0.006259780907668232
IBEX35,risk_long_inv,-45.0,-55.0,1,-0.002140455276160136,-0.04539607998228489,-0.01344138057425881,0.005868544600938967
IBEX35,risk_long_inv,-35.0,-65.0,2,-0.012319312890605172,-0.23657671598618185,-0.02350496093337362,0.006259780907668232
IBEX35,vol_long_dir,65.0,55.0,64,-0.062144893910910604,-0.2060042667076419,-0.14480787848602472,0.2007042253521127
IBEX35,risk_long_inv,-45.0,-65.0,1,-0.002140455276160136,-0.04539607998228489,-0.01344138057425881,0.005868544600938967
IBEX35,risk_long_inv,-55.0,-65.0,1,-0.002140455276160136,-0.04539607998228489,-0.01344138057425881,0.005868544600938967
FTSE250,trend_long,45.0,35.0,39,-0.04401373503861539,-0.20882258033026999,-0.05912675630114539,0.1290577988915281
FTSE250,trend_long,55.0,35.0,41,-0.042781884713457785,-0.18327222503851026,-0.10227267875070589,0.15914489311163896
FTSE250,trend_long,65.0,35.0,37,-0.011068669622666838,-0.039220438131432264,-0.07536762876489989,0.1543942992874109
FTSE250,trend_long,55.0,45.0,43,-0.04290219545349627,-0.1864949450115571,-0.10733721391332396,0.15518606492478226
FTSE250,trend_long,65.0,45.0,38,-0.018177432897004797,-0.07177813430782519,-0.08201418999821841,0.15320665083135393
FTSE250,trend_long,65.0,55.0,42,-0.02522253055797774,-0.10630600394499667,-0.0834816221594391,0.1456848772763262
FTSE250,structure_long,65.0,35.0,0,0.0,0.0,0.0,0.0
FTSE250,structure_long,65.0,45.0,0,0.0,0.0,0.0,0.0
FTSE250,structure_long,65.0,55.0,0,0.0,0.0,0.0,0.0
FTSE250,structure_long,55.0,35.0,113,-0.3079621901973616,-0.9016734695573423,-0.3216005151054131,0.35233570863024544
FTSE250,structure_long,45.0,35.0,96,0.05342426319799909,0.15489662896542591,-0.07479163453054227,0.384006334125099
FTSE250,structure_long,55.0,45.0,115,-0.2857824336583059,-0.8569433776592944,-0.2931517355855069,0.30482977038796516
FTSE250,momentum_long,45.0,35.0,133,0.1715193476052148,0.4007306271521541,-0.07025450882149065,0.4663499604117181
FTSE250,momentum_long,55.0,45.0,129,0.041416624254362544,0.12453891907941654,-0.07078186214971971,0.4418052256532066
FTSE250,momentum_long,55.0,35.0,117,0.03832446624949526,0.11511403465358129,-0.08563903437678355,0.4588281868566904
FTSE250,momentum_long,65.0,35.0,126,-0.10881263659171692,-0.26079072684590665,-0.15779936837732988,0.46199524940617576
FTSE250,momentum_long,65.0,45.0,132,-0.09893081387010494,-0.23930250297355213,-0.14488039627284732,0.4513064133016627
FTSE250,confidence_long,45.0,35.0,60,0.04026091960527922,0.15783342611705076,-0.07656447459081395,0.2454473475851148
FTSE250,confidence_long,55.0,35.0,67,0.009349201048386657,0.045836080299610546,-0.089879883363148,0.2901821060965954
FTSE250,momentum_long,65.0,55.0,151,-0.08560247673778665,-0.2085603059475426,-0.1259877333732763,0.4160728424386382
FTSE250,confidence_long,55.0,45.0,70,0.011430253868280893,0.052795778080388996,-0.08584346300561008,0.283452098178939
FTSE250,confidence_long,65.0,35.0,82,-0.12884836570702085,-0.4002615446436115,-0.17329726430593673,0.2980997624703088
FTSE250,confidence_long,65.0,45.0,82,-0.12884836570702085,-0.4002615446436115,-0.17329726430593673,0.2980997624703088
FTSE250,vol_long_dir,45.0,35.0,32,0.03835488164621759,0.19314208741323172,-0.06452942756481428,0.13895486935866982
FTSE250,confidence_long,65.0,55.0,86,-0.12190261910629774,-0.38758789375209723,-0.1705412923353843,0.2889944576405384
FTSE250,vol_long_dir,55.0,35.0,56,-0.017385942305308655,-0.04739939504879602,-0.11338349546868853,0.20783847980997625
FTSE250,vol_long_dir,55.0,45.0,56,-0.017385942305308655,-0.04739939504879602,-0.11338349546868853,0.20783847980997625
FTSE250,vol_long_dir,65.0,35.0,56,-0.017385942305308655,-0.04739939504879602,-0.11338349546868853,0.20783847980997625
FTSE250,vol_long_inv,-35.0,-45.0,32,-0.013261491165939887,-0.07863271231261222,-0.061465680474695694,0.017814726840855107
FTSE250,vol_long_inv,-35.0,-55.0,32,-0.014066857601211624,-0.08222646768564974,-0.06885791890778015,0.020190023752969122
FTSE250,vol_long_inv,-45.0,-55.0,32,-0.014066857601211624,-0.08222646768564974,-0.06885791890778015,0.020190023752969122
FTSE250,vol_long_inv,-35.0,-65.0,32,-0.014066857601211624,-0.08222646768564974,-0.06885791890778015,0.020190023752969122
FTSE250,vol_long_dir,65.0,45.0,56,-0.017385942305308655,-0.04739939504879602,-0.11338349546868853,0.20783847980997625
FTSE250,risk_long_dir,45.0,35.0,0,0.0,0.0,0.0,0.0
FTSE250,vol_long_inv,-45.0,-65.0,32,-0.014066857601211624,-0.08222646768564974,-0.06885791890778015,0.020190023752969122
FTSE250,risk_long_dir,55.0,45.0,0,0.0,0.0,0.0,0.0
FTSE250,risk_long_dir,55.0,35.0,0,0.0,0.0,0.0,0.0
FTSE250,risk_long_dir,65.0,35.0,0,0.0,0.0,0.0,0.0
FTSE250,risk_long_dir,65.0,45.0,0,0.0,0.0,0.0,0.0
FTSE250,vol_long_inv,-55.0,-65.0,33,-0.068554032789234,-0.4455499426888864,-0.0856868451545455,0.018606492478226443
FTSE250,risk_long_dir,65.0,55.0,0,0.0,0.0,0.0,0.0
FTSE250,vol_long_dir,65.0,55.0,57,-0.01689686035537563,-0.04613597507702596,-0.11338349546868864,0.2034837688044339
FTSE250,risk_long_inv,-45.0,-55.0,1,0.007728597414084382,0.3518385952963084,-0.005274012857108934,0.017022961203483768
FTSE250,risk_long_inv,-45.0,-65.0,1,0.007728597414084382,0.3518385952963084,-0.005274012857108934,0.017022961203483768
FTSE250,risk_long_inv,-35.0,-45.0,6,0.02606980740406395,0.3374400154539895,-0.032341725730232085,0.04196357878068092
FTSE250,risk_long_inv,-35.0,-55.0,6,0.02606980740406395,0.3374400154539895,-0.032341725730232085,0.04196357878068092
FTSE250,risk_long_inv,-35.0,-65.0,6,0.02606980740406395,0.3374400154539895,-0.032341725730232085,0.04196357878068092
FTSE250,risk_long_inv,-55.0,-65.0,1,0.007728597414084382,0.3518385952963084,-0.005274012857108934,0.017022961203483768
UK100_ETF,trend_long,45.0,35.0,43,-0.04581414915572857,-0.20057327637352962,-0.11490698677323519,0.17227722772277226
UK100_ETF,trend_long,55.0,45.0,47,-0.03468615416755727,-0.1375410481297857,-0.09550622944256548,0.2079207920792079
UK100_ETF,trend_long,55.0,35.0,47,-0.043825895900510115,-0.17545565114533232,-0.09984769620202372,0.2087128712871287
UK100_ETF,trend_long,65.0,35.0,51,-0.08746134600389754,-0.3628531949259626,-0.11519125437190048,0.2079207920792079
UK100_ETF,trend_long,65.0,45.0,52,-0.08669661523977268,-0.36406164811893854,-0.11669715312585227,0.20554455445544553
UK100_ETF,trend_long,65.0,55.0,57,-0.10200307809154252,-0.44505780701380543,-0.12826039141614354,0.2
UK100_ETF,structure_long,65.0,35.0,0,0.0,0.0,0.0,0.0
UK100_ETF,structure_long,65.0,45.0,0,0.0,0.0,0.0,0.0
UK100_ETF,structure_long,65.0,55.0,0,0.0,0.0,0.0,0.0
UK100_ETF,structure_long,45.0,35.0,93,-0.12043519763887323,-0.3441901408402715,-0.18947287847537075,0.3893069306930693
UK100_ETF,structure_long,55.0,35.0,109,-0.30143707108564666,-0.9054010697641927,-0.30919035664673944,0.3794059405940594
UK100_ETF,structure_long,55.0,45.0,114,-0.3277345393747253,-1.070405814000424,-0.3363736404610933,0.3073267326732673
UK100_ETF,momentum_long,45.0,35.0,150,-0.12536993902857252,-0.3178573753842876,-0.18095552388050307,0.48158415841584157
UK100_ETF,momentum_long,55.0,45.0,159,-0.2040993718312789,-0.5985100412085295,-0.2401942272317642,0.4427722772277228
UK100_ETF,momentum_long,55.0,35.0,135,-0.21807507846932517,-0.6233216784102342,-0.25138493398262474,0.4752475247524752
UK100_ETF,momentum_long,65.0,35.0,132,-0.2894426030447883,-0.8767908834977738,-0.32190729850611677,0.44356435643564357
UK100_ETF,confidence_long,45.0,35.0,60,-0.08257600901185247,-0.3254752191654155,-0.12353943972180415,0.24079207920792078
UK100_ETF,momentum_long,65.0,45.0,137,-0.2287439021907689,-0.6959175666268322,-0.26919197745503853,0.42297029702970296
UK100_ETF,momentum_long,65.0,55.0,155,-0.22401668488465454,-0.7156939657849606,-0.25061468073142845,0.39485148514851487
UK100_ETF,confidence_long,55.0,35.0,88,-0.263046071002476,-0.8883537790765481,-0.2835087087502276,0.3318811881188119
UK100_ETF,confidence_long,55.0,45.0,90,-0.25315690678287905,-0.7875467192439355,-0.27389413209586544,0.3231683168316832
UK100_ETF,confidence_long,65.0,35.0,93,-0.25629189174816125,-0.8693808627672511,-0.29066677545097996,0.3401980198019802
UK100_ETF,confidence_long,65.0,45.0,93,-0.2405029634627588,-0.8148179638263323,-0.2756076261844975,0.33782178217821784
UK100_ETF,confidence_long,65.0,55.0,98,-0.22322863628092016,-0.7741274824597717,-0.25897118911648165,0.32554455445544556
UK100_ETF,vol_long_dir,45.0,35.0,43,0.03852715138606233,0.17848924392483057,-0.06581270392487137,0.18099009900990098
UK100_ETF,vol_long_dir,55.0,35.0,73,-0.12387897092252154,-0.43454551990354584,-0.1777271972249388,0.2510891089108911
UK100_ETF,vol_long_dir,55.0,45.0,73,-0.12387897092252154,-0.43454551990354584,-0.1777271972249388,0.2510891089108911
UK100_ETF,vol_long_dir,65.0,35.0,73,-0.12387897092252154,-0.43454551990354584,-0.1777271972249388,0.2510891089108911
UK100_ETF,vol_long_dir,65.0,45.0,73,-0.12387897092252154,-0.43454551990354584,-0.1777271972249388,0.2510891089108911
UK100_ETF,vol_long_inv,-35.0,-45.0,39,-0.04351739525140852,-0.29048997748796496,-0.06470042791807307,0.03326732673267327
UK100_ETF,vol_long_inv,-35.0,-55.0,39,-0.026748042199349453,-0.17221379889615812,-0.048302462439334226,0.03603960396039604
UK100_ETF,vol_long_inv,-45.0,-55.0,39,-0.026748042199349453,-0.17221379889615812,-0.048302462439334226,0.03603960396039604
UK100_ETF,vol_long_inv,-35.0,-65.0,39,-0.026748042199349453,-0.17221379889615812,-0.048302462439334226,0.03603960396039604
UK100_ETF,risk_long_dir,45.0,35.0,0,0.0,0.0,0.0,0.0
UK100_ETF,vol_long_inv,-45.0,-65.0,39,-0.026748042199349453,-0.17221379889615812,-0.048302462439334226,0.03603960396039604
UK100_ETF,risk_long_dir,55.0,35.0,0,0.0,0.0,0.0,0.0
UK100_ETF,risk_long_dir,55.0,45.0,0,0.0,0.0,0.0,0.0
UK100_ETF,risk_long_dir,65.0,35.0,0,0.0,0.0,0.0,0.0
UK100_ETF,risk_long_dir,65.0,45.0,0,0.0,0.0,0.0,0.0
UK100_ETF,risk_long_dir,65.0,55.0,0,0.0,0.0,0.0,0.0
UK100_ETF,vol_long_inv,-55.0,-65.0,44,-0.017786399605007497,-0.10113386686672628,-0.04665406302437891,0.04514851485148515
UK100_ETF,risk_long_inv,-45.0,-55.0,1,-0.008010298824724704,-0.28583609228963974,-0.00871026937343311,0.002376237623762376
UK100_ETF,risk_long_inv,-35.0,-45.0,3,-0.0009984735094862307,-0.018042766122098677,-0.02299354205473425,0.016237623762376238
UK100_ETF,risk_long_inv,-35.0,-55.0,3,-0.0009984735094862307,-0.018042766122098677,-0.02299354205473425,0.016237623762376238
UK100_ETF,risk_long_inv,-45.0,-65.0,1,-0.008010298824724704,-0.28583609228963974,-0.00871026937343311,0.002376237623762376
UK100_ETF,risk_long_inv,-55.0,-65.0,1,-0.008010298824724704,-0.28583609228963974,-0.00871026937343311,0.002376237623762376
UK100_ETF,risk_long_inv,-35.0,-65.0,3,-0.0009984735094862307,-0.018042766122098677,-0.02299354205473425,0.016237623762376238
UK100_ETF,vol_long_dir,65.0,55.0,74,-0.12680448125970611,-0.44119555556587525,-0.18267529982717934,0.24633663366336633
