arm,long_thr,exit_thr,symbol,window,n_trades,total_return,sharpe,max_dd
trend_long,50.0,30.0,UK100,2,7,-0.026958340312998597,-0.7323153008281811,-0.029334136909059283
trend_long,50.0,30.0,UK100,1,14,-0.06354592845394602,-1.1082506777062324,-0.06423252161087589
trend_long,50.0,30.0,UK100,0,11,0.02303795729906688,0.48911789786184456,-0.033132560627942675
trend_long,50.0,30.0,UK100,3,15,-0.025397370862663582,-0.3266583345396734,-0.06534951975024217
trend_long,50.0,30.0,DAX40,0,7,-0.0011407181888060114,-0.02201395929402853,-0.03819751669559146
trend_long,50.0,30.0,DAX40,2,6,0.02438130365779201,0.5828429151993726,-0.019157057359805663
trend_long,50.0,30.0,DAX40,1,9,0.0018404309958270915,0.047028123551496485,-0.03834476184150337
trend_long,50.0,30.0,CAC40,2,5,-0.019740419967208434,-0.839758395933161,-0.02597860001706298
trend_long,50.0,30.0,CAC40,1,8,0.006168838237096352,0.13882646739981783,-0.03416270893214579
trend_long,50.0,30.0,CAC40,0,6,0.020864694953332208,0.528007715417982,-0.028305337367364958
trend_long,50.0,30.0,DAX40,3,8,0.06586549361915917,1.2027672909631815,-0.01741121661206757
trend_long,50.0,30.0,IBEX35,1,9,-0.04508106776292464,-1.1972828644809717,-0.0492438281115386
trend_long,50.0,30.0,IBEX35,0,10,-0.025296043752955355,-0.47317615420729603,-0.053122242274982856
trend_long,50.0,30.0,IBEX35,2,9,-0.013915313205492885,-0.3092900521905941,-0.03220044880103268
trend_long,50.0,30.0,CAC40,3,17,-0.018665247259642803,-0.201157157493303,-0.042907722529346604
trend_long,50.0,30.0,IBEX35,3,8,0.05046556078703168,0.8678905597589404,-0.025293433773754814
trend_long,50.0,30.0,FTSE250,0,7,0.02704348064564832,0.7212472509615319,-0.020422576813849624
trend_long,50.0,30.0,FTSE250,1,12,-0.019951719467999784,-0.3374310593047615,-0.03163103761493413
trend_long,50.0,30.0,FTSE250,2,9,-0.021939290629518493,-0.38649558057934125,-0.04724476203796035
trend_long,50.0,30.0,UK100_ETF,0,9,0.0336250364638675,0.6884985735908333,-0.017273999580277533
trend_long,50.0,30.0,UK100_ETF,1,12,-0.07596507058886948,-1.2303968070925104,-0.0799366401178615
trend_long,50.0,30.0,FTSE250,3,16,-0.062417869565896344,-0.7634041390602981,-0.06477769813887202
trend_long,50.0,30.0,UK100_ETF,2,6,0.001226900612722348,0.040377955258773406,-0.01742303516629584
trend_long,50.0,40.0,UK100,0,11,0.027945098038314464,0.597681411443514,-0.028494849419533064
trend_long,50.0,40.0,UK100,2,7,-0.026958340312998597,-0.7323153008281811,-0.029334136909059283
trend_long,50.0,40.0,UK100,1,14,-0.06438661066784312,-1.1230297838338619,-0.06438661066784312
trend_long,50.0,30.0,UK100_ETF,3,15,-0.01523599306353951,-0.1877972294386703,-0.06286403578680466
trend_long,50.0,40.0,DAX40,0,7,0.004755034010704096,0.146494719456337,-0.032520491703488585
trend_long,50.0,40.0,DAX40,1,9,0.0018404309958270915,0.047028123551496485,-0.03834476184150337
trend_long,50.0,40.0,DAX40,2,6,0.03137966230924505,0.763111779184307,-0.013167048942755666
trend_long,50.0,40.0,UK100,3,16,-0.02352729676120724,-0.3045975719314351,-0.06355610610167017
trend_long,50.0,40.0,DAX40,3,8,0.06586549361915917,1.2027672909631815,-0.01741121661206757
trend_long,50.0,40.0,CAC40,1,9,-0.004071201046022321,-0.07295394326380064,-0.03416270893214579
trend_long,50.0,40.0,CAC40,0,7,0.02300966215256861,0.6570585317747585,-0.028305337367364958
trend_long,50.0,40.0,CAC40,2,5,-0.019740419967208434,-0.839758395933161,-0.02597860001706298
trend_long,50.0,40.0,IBEX35,1,10,-0.04478335383837462,-1.2402008907986575,-0.049364757260831005
trend_long,50.0,40.0,IBEX35,0,12,-0.016658906291984965,-0.3794149965902448,-0.04473168091551549
trend_long,50.0,40.0,IBEX35,2,10,-0.011459201406487263,-0.25257411734857327,-0.03178455396593194
trend_long,50.0,40.0,IBEX35,3,8,0.05234630390647155,0.8980737795989913,-0.023548328806649144
trend_long,50.0,40.0,CAC40,3,18,-0.022412276367807293,-0.2439259783037691,-0.04656218662823586
trend_long,50.0,40.0,FTSE250,0,7,0.02704348064564832,0.7212472509615319,-0.020422576813849624
trend_long,50.0,40.0,FTSE250,1,13,-0.025371578160924724,-0.4469777087275677,-0.03745408084121249
trend_long,50.0,40.0,FTSE250,2,9,-0.021939290629518493,-0.38649558057934125,-0.04724476203796035
trend_long,50.0,40.0,UK100_ETF,0,9,0.0336250364638675,0.6884985735908333,-0.017273999580277533
trend_long,50.0,40.0,UK100_ETF,1,13,-0.07517748196714369,-1.2319858892119433,-0.07915243660948135
trend_long,50.0,40.0,FTSE250,3,17,-0.05029403567823154,-0.6496765921172899,-0.05268437909219392
trend_long,50.0,40.0,UK100_ETF,2,6,0.001226900612722348,0.040377955258773406,-0.01742303516629584
trend_long,60.0,30.0,UK100,0,14,0.0012196071017869237,0.035782301227514614,-0.0650679870186468
trend_long,60.0,30.0,UK100,1,16,-0.10627643132001974,-1.7243507880840838,-0.10627643132001974
trend_long,60.0,30.0,UK100,2,8,-0.020417509342677276,-0.4632533450668318,-0.03157326743445599
trend_long,50.0,40.0,UK100_ETF,3,15,-0.002927867709993315,-0.030348624589850024,-0.05115119206017904
trend_long,60.0,30.0,DAX40,0,5,0.04076262807595943,1.0165963859690619,-0.013499480688582088
trend_long,60.0,30.0,DAX40,2,6,0.0019392786313787713,0.06525280776917006,-0.018792659486373764
trend_long,60.0,30.0,DAX40,1,9,0.015337633445938303,0.2860258598272794,-0.03956477514281831
trend_long,60.0,30.0,CAC40,0,7,0.005973021155884162,0.1587091705062438,-0.02905556139635923
trend_long,60.0,30.0,CAC40,1,6,0.003662367502578201,0.10045562336101273,-0.021861075007161612
trend_long,60.0,30.0,UK100,3,17,-0.01265006841943217,-0.1420606140468657,-0.04957973286526307
trend_long,60.0,30.0,DAX40,3,13,0.028316150687695663,0.38964185839809196,-0.036128870129528035
trend_long,60.0,30.0,CAC40,2,7,-0.014960716484662573,-0.49966582588928815,-0.034674049462471546
trend_long,60.0,30.0,IBEX35,0,10,-0.02441561055519792,-0.5934950771760372,-0.036751547107420235
trend_long,60.0,30.0,IBEX35,1,10,-0.040121239952513266,-0.8491228685744128,-0.057553581364956696
trend_long,60.0,30.0,IBEX35,2,9,-0.01932964777139401,-0.4489241484404082,-0.03609005324721404
trend_long,60.0,30.0,CAC40,3,19,-0.055206980059648636,-0.6205191810938564,-0.0783510331017313
trend_long,60.0,30.0,FTSE250,1,11,-0.04603102589096619,-0.8824041123814039,-0.04659793837584125
trend_long,60.0,30.0,IBEX35,3,11,0.1181979779010982,1.3072652750204987,-0.01765753041532514
trend_long,60.0,30.0,FTSE250,2,7,-0.021756458343233365,-0.40061797764092355,-0.04035802277734579
trend_long,60.0,30.0,FTSE250,0,8,0.06526208760378549,1.432098072595132,-0.016955443338493303
trend_long,60.0,30.0,FTSE250,3,10,-0.01980494606951544,-0.2914525632504297,-0.023503103580614026
trend_long,60.0,30.0,UK100_ETF,1,14,-0.0898625649309337,-1.3929842624391202,-0.09377440201551113
trend_long,60.0,30.0,UK100_ETF,2,6,-0.004162132195414281,-0.09889826575632113,-0.02454706680851859
trend_long,60.0,30.0,UK100_ETF,0,12,0.007939754019757439,0.16152833477873538,-0.03773761687001631
trend_long,60.0,40.0,UK100,1,16,-0.10372685031275575,-1.7229351223936857,-0.10372685031275575
trend_long,60.0,40.0,UK100,2,8,-0.020417509342677276,-0.4632533450668318,-0.03157326743445599
trend_long,60.0,40.0,UK100,0,14,0.0012196071017869237,0.035782301227514614,-0.0650679870186468
trend_long,60.0,30.0,UK100_ETF,3,17,-0.009724037808343522,-0.10831323078596716,-0.05689963671385134
trend_long,60.0,40.0,DAX40,0,5,0.04076262807595943,1.0165963859690619,-0.013499480688582088
trend_long,60.0,40.0,DAX40,1,9,0.015337633445938303,0.2860258598272794,-0.03956477514281831
trend_long,60.0,40.0,DAX40,2,6,0.0019392786313787713,0.06525280776917006,-0.018792659486373764
trend_long,60.0,40.0,UK100,3,17,-0.01146108209867902,-0.12753161298667384,-0.04843521797703032
trend_long,60.0,40.0,CAC40,1,6,0.003662367502578201,0.10045562336101273,-0.021861075007161612
trend_long,60.0,40.0,DAX40,3,13,0.023341163069642512,0.3138630440632794,-0.04079207310781208
trend_long,60.0,40.0,CAC40,0,7,0.014272105729393747,0.38599079398884284,-0.02905556139635923
trend_long,60.0,40.0,CAC40,2,7,-0.014960716484662573,-0.49966582588928815,-0.034674049462471546
trend_long,60.0,40.0,IBEX35,0,10,-0.023617788212052848,-0.5767786793092624,-0.035963812959526775
trend_long,60.0,40.0,IBEX35,1,10,-0.035197418954498794,-0.7583274202358526,-0.05271918179417212
trend_long,60.0,40.0,IBEX35,2,9,-0.01932964777139401,-0.4489241484404082,-0.03609005324721404
trend_long,60.0,40.0,CAC40,3,19,-0.05124345458687862,-0.5795210710419325,-0.07448459984052469
trend_long,60.0,40.0,FTSE250,1,11,-0.04185749797621097,-0.8012025840425507,-0.04462791520225551
trend_long,60.0,40.0,FTSE250,0,8,0.06526208760378549,1.432098072595132,-0.016955443338493303
trend_long,60.0,40.0,IBEX35,3,12,0.11317214177223112,1.2052888671724349,-0.018989217469928654
trend_long,60.0,40.0,FTSE250,2,7,-0.021756458343233365,-0.40061797764092355,-0.04035802277734579
trend_long,60.0,40.0,FTSE250,3,11,-0.03099655787409572,-0.4817251990773431,-0.03599046630878788
trend_long,60.0,40.0,UK100_ETF,1,14,-0.08673176831369345,-1.371943759888543,-0.09065706179050315
trend_long,60.0,40.0,UK100_ETF,0,12,0.00866305376786558,0.17529298645108107,-0.03704709530207906
trend_long,60.0,40.0,UK100_ETF,2,6,-0.004162132195414281,-0.09889826575632113,-0.02454706680851859
trend_long,60.0,50.0,UK100,1,16,-0.09790989719966514,-1.655112560795892,-0.09790989719966514
trend_long,60.0,50.0,UK100,2,9,-0.027126857405590954,-0.6372261770448739,-0.03624225950751947
trend_long,60.0,50.0,UK100,0,14,0.005591806459969373,0.11498375307264377,-0.06208603005153879
trend_long,60.0,40.0,UK100_ETF,3,17,-0.0008269052831901824,-0.00033077612910418185,-0.04842635326859179
trend_long,60.0,50.0,DAX40,0,5,0.04076262807595943,1.0165963859690619,-0.013499480688582088
trend_long,60.0,50.0,DAX40,2,6,0.00710762238891971,0.2342401593920568,-0.01623313616159805
trend_long,60.0,50.0,DAX40,1,10,0.012186899227153214,0.23860962784709805,-0.04254513953413319
trend_long,60.0,50.0,UK100,3,17,-0.01146108209867902,-0.12753161298667384,-0.04843521797703032
trend_long,60.0,50.0,CAC40,0,7,0.02275381291318679,0.6463889273718526,-0.02093617570740125
trend_long,60.0,50.0,CAC40,1,7,-0.004998004274125889,-0.11547417447105483,-0.021861075007161612
trend_long,60.0,50.0,DAX40,3,13,0.04432180294960997,0.6298848870382293,-0.027993858539709704
trend_long,60.0,50.0,CAC40,2,7,-0.01358317322216096,-0.46549811448184275,-0.03332407461219422
trend_long,60.0,50.0,IBEX35,0,10,-0.015975297133102195,-0.4004476777317285,-0.028417958610387206
trend_long,60.0,50.0,IBEX35,1,10,-0.03292447269058141,-0.7175526520739451,-0.05271918179417223
trend_long,60.0,50.0,IBEX35,2,9,-0.01802354228903058,-0.4180345621069636,-0.03480627010530768
trend_long,60.0,50.0,CAC40,3,20,-0.05353936920851288,-0.6226503655472887,-0.07205743441817125
trend_long,60.0,50.0,FTSE250,0,9,0.06496626794372773,1.4373532064013155,-0.016762290828946758
trend_long,60.0,50.0,FTSE250,1,12,-0.02898797266616371,-0.5678707744685891,-0.03538317119139722
trend_long,60.0,50.0,IBEX35,3,12,0.11944599200899031,1.2796698038056216,-0.016254569201043845
trend_long,60.0,50.0,FTSE250,2,7,-0.021756458343233365,-0.40061797764092355,-0.04035802277734579
trend_long,60.0,50.0,FTSE250,3,11,-0.02040123968596086,-0.32770082129726263,-0.03599046630878788
trend_long,60.0,50.0,UK100_ETF,1,16,-0.09595561238064276,-1.5317893767131323,-0.09984126110283276
trend_long,60.0,50.0,UK100_ETF,2,6,-0.004162132195414281,-0.09889826575632113,-0.02454706680851859
trend_long,60.0,50.0,UK100_ETF,0,12,0.018242558440374257,0.3604945681212863,-0.030057363140850724
trend_long,70.0,30.0,UK100,1,11,-0.06908945758108642,-1.3484154094819292,-0.06908945758108642
trend_long,70.0,30.0,UK100,0,15,-0.031681975753741765,-0.5661304346206387,-0.07036072793451975
trend_long,70.0,30.0,UK100,2,11,-0.05349813752950139,-1.1193082603388949,-0.056561468570849316
trend_long,60.0,50.0,UK100_ETF,3,18,-0.009660776944662941,-0.11442368382895984,-0.04755897618008942
trend_long,70.0,30.0,DAX40,0,8,0.0022959782251408267,0.06946573955645527,-0.022280953562406114
trend_long,70.0,30.0,DAX40,1,7,0.016733384436495635,0.36973346533113743,-0.026085677097141158
trend_long,70.0,30.0,UK100,3,19,-0.03902325008670082,-0.43152667681410817,-0.06423532126402154
trend_long,70.0,30.0,DAX40,2,7,-0.00921120668684583,-0.229857838260592,-0.02971242107060512
trend_long,70.0,30.0,CAC40,0,9,-0.013224035069226536,-0.2648190398478586,-0.04362365880292607
trend_long,70.0,30.0,CAC40,2,6,-0.010807084080363571,-0.25492204999220563,-0.02958711229004496
trend_long,70.0,30.0,CAC40,1,10,-0.008073892943860073,-0.12276863246791582,-0.03954618857868819
trend_long,70.0,30.0,DAX40,3,17,0.004060935429886836,0.057769313761683934,-0.04327157868713083
trend_long,70.0,30.0,IBEX35,0,9,-0.0311372999838071,-0.8137380148952655,-0.04162678086199367
trend_long,70.0,30.0,IBEX35,1,10,-0.02243050943060365,-0.48734239121515854,-0.05228768537173978
trend_long,70.0,30.0,IBEX35,2,9,-0.03258980643647047,-0.6509302242167592,-0.04484912086474968
trend_long,70.0,30.0,CAC40,3,23,-0.10682587884725203,-1.1067810663651798,-0.11715004179507138
trend_long,70.0,30.0,FTSE250,1,9,-0.04279670086078258,-0.9322520221323214,-0.05130767857457341
trend_long,70.0,30.0,FTSE250,0,8,0.06392297262795155,1.3243933536218115,-0.014290959896751665
trend_long,70.0,30.0,FTSE250,2,6,0.03782569762802157,0.7086850452964502,-0.023238132468036743
trend_long,70.0,30.0,IBEX35,3,17,0.026430719417972037,0.29688549151351384,-0.05164825840999443
trend_long,70.0,30.0,UK100_ETF,1,13,-0.0862569041897765,-1.4656080382801344,-0.09018423866722902
trend_long,70.0,30.0,FTSE250,3,15,-0.03601546088250995,-0.47718387126334494,-0.047548433709834415
trend_long,70.0,30.0,UK100_ETF,0,14,-0.03222651928525988,-0.6036862170442369,-0.04514406203050947
trend_long,70.0,30.0,UK100_ETF,2,9,-0.012295511883835153,-0.24038414688370008,-0.034005088185234955
trend_long,70.0,40.0,UK100,1,11,-0.06908945758108642,-1.3484154094819292,-0.06908945758108642
trend_long,70.0,40.0,UK100,0,15,-0.031681975753741765,-0.5661304346206387,-0.07036072793451975
trend_long,70.0,40.0,UK100,2,11,-0.05349813752950139,-1.1193082603388949,-0.056561468570849316
trend_long,70.0,30.0,UK100_ETF,3,25,-0.0828443460669328,-0.7739260420524466,-0.12562957437201028
trend_long,70.0,40.0,DAX40,0,8,0.0022959782251408267,0.06946573955645527,-0.022280953562406114
trend_long,70.0,40.0,DAX40,1,7,0.016733384436495635,0.36973346533113743,-0.026085677097141158
trend_long,70.0,40.0,UK100,3,19,-0.03902325008670082,-0.43152667681410817,-0.06423532126402154
trend_long,70.0,40.0,DAX40,2,7,-0.00921120668684583,-0.229857838260592,-0.02971242107060512
trend_long,70.0,40.0,CAC40,2,6,-0.00903194780901373,-0.21679138609412782,-0.02784567734097043
trend_long,70.0,40.0,CAC40,0,9,-0.004834238209268871,-0.09392042188240181,-0.04362365880292607
trend_long,70.0,40.0,CAC40,1,10,-0.008073892943860073,-0.12276863246791582,-0.03954618857868819
trend_long,70.0,40.0,DAX40,3,17,0.004060935429886836,0.057769313761683934,-0.04327157868713083
trend_long,70.0,40.0,IBEX35,0,9,-0.0311372999838071,-0.8137380148952655,-0.04162678086199367
trend_long,70.0,40.0,IBEX35,1,10,-0.02243050943060365,-0.48734239121515854,-0.05228768537173978
trend_long,70.0,40.0,IBEX35,2,9,-0.03258980643647047,-0.6509302242167592,-0.04484912086474968
trend_long,70.0,40.0,FTSE250,1,9,-0.04279670086078258,-0.9322520221323214,-0.05130767857457341
trend_long,70.0,40.0,CAC40,3,23,-0.10307890114304397,-1.0732538495825568,-0.11344637525210732
trend_long,70.0,40.0,FTSE250,0,8,0.06392297262795155,1.3243933536218115,-0.014290959896751665
trend_long,70.0,40.0,FTSE250,2,6,0.03782569762802157,0.7086850452964502,-0.023238132468036743
trend_long,70.0,40.0,IBEX35,3,17,0.026430719417972037,0.29688549151351384,-0.05164825840999443
trend_long,70.0,40.0,FTSE250,3,15,-0.03601546088250995,-0.47718387126334494,-0.047548433709834415
trend_long,70.0,40.0,UK100_ETF,1,13,-0.08311370440130472,-1.4477484462114296,-0.08705454858072426
trend_long,70.0,40.0,UK100_ETF,0,14,-0.03153204294177303,-0.5915023487295721,-0.0444588553436428
trend_long,70.0,40.0,UK100_ETF,2,9,-0.012295511883835153,-0.24038414688370008,-0.034005088185234955
trend_long,70.0,50.0,UK100,1,11,-0.06613952306253379,-1.30736737490239,-0.06613952306253379
trend_long,70.0,50.0,UK100,0,15,-0.027453453445453135,-0.4946097032300756,-0.0673956521153779
trend_long,70.0,50.0,UK100,2,12,-0.059980910035213886,-1.2867527744744514,-0.06302325973564926
trend_long,70.0,50.0,DAX40,0,8,0.0022959782251408267,0.06946573955645527,-0.022280953562406114
trend_long,70.0,40.0,UK100_ETF,3,25,-0.07460416281419935,-0.7037074206781835,-0.11777379492274442
trend_long,70.0,50.0,DAX40,1,7,0.016733384436495635,0.36973346533113743,-0.026085677097141158
trend_long,70.0,50.0,DAX40,2,7,0.0028034099924862943,0.09016134873002161,-0.019738133255878698
trend_long,70.0,50.0,UK100,3,19,-0.03902325008670082,-0.43152667681410817,-0.06423532126402154
trend_long,70.0,50.0,CAC40,2,6,-0.00903194780901373,-0.21679138609412782,-0.02784567734097043
trend_long,70.0,50.0,DAX40,3,17,0.013683422785079058,0.17172876965184836,-0.03410270575165075
trend_long,70.0,50.0,CAC40,0,9,-0.004834238209268871,-0.09392042188240181,-0.04362365880292607
trend_long,70.0,50.0,CAC40,1,10,-0.008073892943860073,-0.12276863246791582,-0.03954618857868819
trend_long,70.0,50.0,IBEX35,0,9,-0.02778666629237103,-0.732085080230915,-0.03831242311351157
trend_long,70.0,50.0,IBEX35,1,10,-0.02243050943060365,-0.48734239121515854,-0.05228768537173978
trend_long,70.0,50.0,IBEX35,2,9,-0.03258980643647047,-0.6509302242167592,-0.04484912086474968
trend_long,70.0,50.0,FTSE250,1,9,-0.04136948148643971,-0.9047567781779218,-0.04989314932812561
trend_long,70.0,50.0,CAC40,3,23,-0.10351630237144271,-1.0698255876666232,-0.11387872057768866
trend_long,70.0,50.0,FTSE250,0,9,0.06134358685555297,1.2943849014450297,-0.01515604453325281
trend_long,70.0,50.0,FTSE250,2,6,0.03782569762802157,0.7086850452964502,-0.023238132468036743
trend_long,70.0,50.0,IBEX35,3,17,0.025278832870238688,0.28353527101399545,-0.05271252275145577
trend_long,70.0,50.0,UK100_ETF,1,13,-0.08267408398368081,-1.4378205596269076,-0.08661681768372276
trend_long,70.0,50.0,FTSE250,3,15,-0.03601546088250995,-0.47718387126334494,-0.047548433709834415
trend_long,70.0,50.0,UK100_ETF,0,14,-0.022334280333974443,-0.4232805984078502,-0.0423925993468911
trend_long,70.0,50.0,UK100_ETF,2,9,-0.012295511883835153,-0.24038414688370008,-0.034005088185234955
structure_long,50.0,30.0,UK100,0,26,-0.1328518023752524,-1.808662843270492,-0.14926541656345838
structure_long,50.0,30.0,UK100,2,21,-0.09823374689388198,-1.2881729059619453,-0.09950816671492457
structure_long,50.0,30.0,UK100,1,23,-0.03074667049916857,-0.36746887783390536,-0.0440393482179966
trend_long,70.0,50.0,UK100_ETF,3,25,-0.0696516592983738,-0.6692302076142651,-0.1130523252480099
structure_long,50.0,30.0,DAX40,2,22,-0.12145724986988993,-1.5504441229220425,-0.12145951581141912
structure_long,50.0,30.0,DAX40,0,23,-0.015177309094461466,-0.16297651764652973,-0.06547027979829723
structure_long,50.0,30.0,DAX40,1,20,0.00404675057632331,0.07009023965113913,-0.04566682852950288
structure_long,50.0,30.0,CAC40,1,18,-0.0898223544237291,-1.268314223871997,-0.09084042251325541
structure_long,50.0,30.0,CAC40,0,17,-0.02883386086123607,-0.40108503347905805,-0.0702094529462125
structure_long,50.0,30.0,UK100,3,50,-0.04028549906794998,-0.21634750977912728,-0.09627629691822281
structure_long,50.0,30.0,CAC40,2,22,-0.08071302500849364,-1.2136429672369957,-0.08656318733722224
structure_long,50.0,30.0,DAX40,3,41,-0.02393041729856593,-0.12991041442362272,-0.08677923657172026
structure_long,50.0,30.0,IBEX35,0,20,-0.0920190035814279,-1.4392784003146673,-0.11562859798640857
structure_long,50.0,30.0,IBEX35,1,22,-0.08642749650216297,-1.334289994229101,-0.08750042452941509
structure_long,50.0,30.0,IBEX35,2,24,-0.14500880390879667,-2.0352998883105884,-0.14692781798146715
structure_long,50.0,30.0,CAC40,3,43,-0.12409195718540034,-0.8084769958044383,-0.1736264206841226
structure_long,50.0,30.0,FTSE250,0,23,-0.03100106699088956,-0.355451226760574,-0.06086044294184356
structure_long,50.0,30.0,FTSE250,1,23,-0.02501543118013272,-0.2917272838303096,-0.05082150882518821
structure_long,50.0,30.0,IBEX35,3,49,-0.11037302150113393,-0.6407626888382683,-0.1538103931286895
structure_long,50.0,30.0,FTSE250,2,23,-0.12063009544721803,-1.6022885602366697,-0.1235871349140858
structure_long,50.0,30.0,UK100_ETF,0,24,-0.11460395117540245,-1.4923929722365716,-0.1347827714472204
structure_long,50.0,30.0,UK100_ETF,2,22,-0.1254634152822327,-1.5010370851325692,-0.14018287100840177
structure_long,50.0,30.0,UK100_ETF,1,23,-0.031923358407025315,-0.39019500789362277,-0.0449997316273435
structure_long,50.0,30.0,FTSE250,3,43,-0.15640156433172392,-1.065758088436857,-0.16844749847845675
structure_long,50.0,40.0,UK100,0,26,-0.10839143488267566,-1.6434802188706703,-0.12554516311232744
structure_long,50.0,40.0,UK100,1,25,-0.0503380223397073,-0.6883666832082731,-0.06249666013271804
structure_long,50.0,40.0,UK100,2,21,-0.09459608621189852,-1.2537948411088886,-0.09587564695150996
structure_long,50.0,40.0,DAX40,0,24,-0.032442187443773585,-0.4029392189242828,-0.051965299145623756
structure_long,50.0,30.0,UK100_ETF,3,40,-0.05734387484295056,-0.3987459853708698,-0.0935272467901277
structure_long,50.0,40.0,DAX40,1,22,0.012376078148637948,0.1816958738005341,-0.042411033095255624
structure_long,50.0,40.0,DAX40,2,22,-0.1137685122786194,-1.6397919391497287,-0.11377079805097623
structure_long,50.0,40.0,UK100,3,51,0.012960396243393735,0.10099530715911262,-0.07669389887983769
structure_long,50.0,40.0,CAC40,0,19,-0.05321281929083066,-0.7769716813410389,-0.07381110774916244
structure_long,50.0,40.0,CAC40,1,18,-0.0898223544237291,-1.268314223871997,-0.09084042251325541
structure_long,50.0,40.0,CAC40,2,22,-0.06050147592095423,-0.9115536377858495,-0.06648026059101231
structure_long,50.0,40.0,DAX40,3,42,-0.035026490236437,-0.2149441418905418,-0.07944896620727326
structure_long,50.0,40.0,IBEX35,0,21,-0.08626905134788232,-1.387392694372489,-0.1069567346021072
structure_long,50.0,40.0,IBEX35,1,23,-0.05660953326991891,-0.9819655866846803,-0.06264041201750181
structure_long,50.0,40.0,IBEX35,2,25,-0.11519379659863094,-1.6202525132518575,-0.11717972997861892
structure_long,50.0,40.0,CAC40,3,43,-0.12231654611053822,-0.8434462961399138,-0.15624470101207732
structure_long,50.0,40.0,FTSE250,0,23,-0.032844271779958745,-0.4036042138773882,-0.053668655476582616
structure_long,50.0,40.0,FTSE250,1,23,-0.02073139325703488,-0.25244813772993707,-0.04299844545813314
structure_long,50.0,40.0,FTSE250,2,24,-0.10218937373490788,-1.3981724298685572,-0.1052084234452676
structure_long,50.0,40.0,IBEX35,3,51,-0.14089763118827703,-0.8756643670965606,-0.14984071632369356
structure_long,50.0,40.0,UK100_ETF,0,25,-0.10276428349026667,-1.3817064022288381,-0.13189253929192202
structure_long,50.0,40.0,UK100_ETF,1,25,-0.08731824668512378,-1.3357127303178997,-0.09656830646417924
structure_long,50.0,40.0,UK100_ETF,2,22,-0.12693198807876138,-1.537899392112481,-0.14162672603710125
structure_long,50.0,40.0,FTSE250,3,44,-0.15428587023328677,-1.0693238949748338,-0.1663620148577858
structure_long,60.0,30.0,UK100,0,26,-0.1328518023752524,-1.808662843270492,-0.14926541656345838
structure_long,60.0,30.0,UK100,1,23,-0.03074667049916857,-0.36746887783390536,-0.0440393482179966
structure_long,60.0,30.0,UK100,2,21,-0.09823374689388198,-1.2881729059619453,-0.09950816671492457
structure_long,50.0,40.0,UK100_ETF,3,42,-0.05228169655290826,-0.38803382549121135,-0.0725241699029544
structure_long,60.0,30.0,DAX40,0,23,-0.015177309094461466,-0.16297651764652973,-0.06547027979829723
structure_long,60.0,30.0,DAX40,1,20,0.00404675057632331,0.07009023965113913,-0.04566682852950288
structure_long,60.0,30.0,DAX40,2,22,-0.12145724986988993,-1.5504441229220425,-0.12145951581141912
structure_long,60.0,30.0,CAC40,1,18,-0.0898223544237291,-1.268314223871997,-0.09084042251325541
structure_long,60.0,30.0,CAC40,0,17,-0.02883386086123607,-0.40108503347905805,-0.0702094529462125
structure_long,60.0,30.0,UK100,3,50,-0.04028549906794998,-0.21634750977912728,-0.09627629691822281
structure_long,60.0,30.0,CAC40,2,22,-0.08071302500849364,-1.2136429672369957,-0.08656318733722224
structure_long,60.0,30.0,DAX40,3,41,-0.02393041729856593,-0.12991041442362272,-0.08677923657172026
structure_long,60.0,30.0,IBEX35,0,20,-0.0920190035814279,-1.4392784003146673,-0.11562859798640857
structure_long,60.0,30.0,IBEX35,1,22,-0.08642749650216297,-1.334289994229101,-0.08750042452941509
structure_long,60.0,30.0,IBEX35,2,24,-0.14500880390879667,-2.0352998883105884,-0.14692781798146715
structure_long,60.0,30.0,CAC40,3,43,-0.12409195718540034,-0.8084769958044383,-0.1736264206841226
structure_long,60.0,30.0,FTSE250,0,23,-0.03100106699088956,-0.355451226760574,-0.06086044294184356
structure_long,60.0,30.0,FTSE250,1,23,-0.02501543118013272,-0.2917272838303096,-0.05082150882518821
structure_long,60.0,30.0,FTSE250,2,23,-0.12063009544721803,-1.6022885602366697,-0.1235871349140858
structure_long,60.0,30.0,IBEX35,3,49,-0.11037302150113393,-0.6407626888382683,-0.1538103931286895
structure_long,60.0,30.0,UK100_ETF,0,24,-0.11460395117540245,-1.4923929722365716,-0.1347827714472204
structure_long,60.0,30.0,UK100_ETF,1,23,-0.031923358407025315,-0.39019500789362277,-0.0449997316273435
structure_long,60.0,30.0,UK100_ETF,2,22,-0.1254634152822327,-1.5010370851325692,-0.14018287100840177
structure_long,60.0,30.0,FTSE250,3,43,-0.15640156433172392,-1.065758088436857,-0.16844749847845675
structure_long,60.0,40.0,UK100,0,26,-0.10839143488267566,-1.6434802188706703,-0.12554516311232744
structure_long,60.0,40.0,UK100,1,25,-0.0503380223397073,-0.6883666832082731,-0.06249666013271804
structure_long,60.0,40.0,UK100,2,21,-0.09459608621189852,-1.2537948411088886,-0.09587564695150996
structure_long,60.0,30.0,UK100_ETF,3,40,-0.05734387484295056,-0.3987459853708698,-0.0935272467901277
structure_long,60.0,40.0,DAX40,0,24,-0.032442187443773585,-0.4029392189242828,-0.051965299145623756
structure_long,60.0,40.0,DAX40,1,22,0.012376078148637948,0.1816958738005341,-0.042411033095255624
structure_long,60.0,40.0,DAX40,2,22,-0.1137685122786194,-1.6397919391497287,-0.11377079805097623
structure_long,60.0,40.0,UK100,3,51,0.012960396243393735,0.10099530715911262,-0.07669389887983769
structure_long,60.0,40.0,CAC40,0,19,-0.05321281929083066,-0.7769716813410389,-0.07381110774916244
structure_long,60.0,40.0,CAC40,1,18,-0.0898223544237291,-1.268314223871997,-0.09084042251325541
structure_long,60.0,40.0,DAX40,3,42,-0.035026490236437,-0.2149441418905418,-0.07944896620727326
structure_long,60.0,40.0,CAC40,2,22,-0.06050147592095423,-0.9115536377858495,-0.06648026059101231
structure_long,60.0,40.0,IBEX35,0,21,-0.08626905134788232,-1.387392694372489,-0.1069567346021072
structure_long,60.0,40.0,IBEX35,1,23,-0.05660953326991891,-0.9819655866846803,-0.06264041201750181
structure_long,60.0,40.0,IBEX35,2,25,-0.11519379659863094,-1.6202525132518575,-0.11717972997861892
structure_long,60.0,40.0,CAC40,3,43,-0.12231654611053822,-0.8434462961399138,-0.15624470101207732
structure_long,60.0,40.0,FTSE250,0,23,-0.032844271779958745,-0.4036042138773882,-0.053668655476582616
structure_long,60.0,40.0,FTSE250,1,23,-0.02073139325703488,-0.25244813772993707,-0.04299844545813314
structure_long,60.0,40.0,FTSE250,2,24,-0.10218937373490788,-1.3981724298685572,-0.1052084234452676
structure_long,60.0,40.0,IBEX35,3,51,-0.14089763118827703,-0.8756643670965606,-0.14984071632369356
structure_long,60.0,40.0,UK100_ETF,0,25,-0.10276428349026667,-1.3817064022288381,-0.13189253929192202
structure_long,60.0,40.0,UK100_ETF,1,25,-0.08731824668512378,-1.3357127303178997,-0.09656830646417924
structure_long,60.0,40.0,UK100_ETF,2,22,-0.12693198807876138,-1.537899392112481,-0.14162672603710125
structure_long,60.0,40.0,FTSE250,3,44,-0.15428587023328677,-1.0693238949748338,-0.1663620148577858
structure_long,60.0,50.0,UK100,0,26,-0.10839143488267566,-1.6434802188706703,-0.12554516311232744
structure_long,60.0,50.0,UK100,1,25,-0.0503380223397073,-0.6883666832082731,-0.06249666013271804
structure_long,60.0,50.0,UK100,2,21,-0.09459608621189852,-1.2537948411088886,-0.09587564695150996
structure_long,60.0,40.0,UK100_ETF,3,42,-0.05228169655290826,-0.38803382549121135,-0.0725241699029544
structure_long,60.0,50.0,DAX40,0,24,-0.032442187443773585,-0.4029392189242828,-0.051965299145623756
structure_long,60.0,50.0,DAX40,2,22,-0.1137685122786194,-1.6397919391497287,-0.11377079805097623
structure_long,60.0,50.0,DAX40,1,22,0.012376078148637948,0.1816958738005341,-0.042411033095255624
structure_long,60.0,50.0,UK100,3,51,0.012960396243393735,0.10099530715911262,-0.07669389887983769
structure_long,60.0,50.0,CAC40,1,18,-0.0898223544237291,-1.268314223871997,-0.09084042251325541
structure_long,60.0,50.0,CAC40,0,19,-0.05321281929083066,-0.7769716813410389,-0.07381110774916244
structure_long,60.0,50.0,CAC40,2,22,-0.06050147592095423,-0.9115536377858495,-0.06648026059101231
structure_long,60.0,50.0,IBEX35,0,21,-0.08626905134788232,-1.387392694372489,-0.1069567346021072
structure_long,60.0,50.0,DAX40,3,42,-0.035026490236437,-0.2149441418905418,-0.07944896620727326
structure_long,60.0,50.0,IBEX35,1,23,-0.05660953326991891,-0.9819655866846803,-0.06264041201750181
structure_long,60.0,50.0,IBEX35,2,25,-0.11519379659863094,-1.6202525132518575,-0.11717972997861892
structure_long,60.0,50.0,CAC40,3,43,-0.12231654611053822,-0.8434462961399138,-0.15624470101207732
structure_long,60.0,50.0,FTSE250,0,23,-0.032844271779958745,-0.4036042138773882,-0.053668655476582616
structure_long,60.0,50.0,FTSE250,1,23,-0.02073139325703488,-0.25244813772993707,-0.04299844545813314
structure_long,60.0,50.0,FTSE250,2,24,-0.10218937373490788,-1.3981724298685572,-0.1052084234452676
structure_long,60.0,50.0,IBEX35,3,51,-0.14089763118827703,-0.8756643670965606,-0.14984071632369356
structure_long,60.0,50.0,UK100_ETF,0,25,-0.10276428349026667,-1.3817064022288381,-0.13189253929192202
structure_long,60.0,50.0,UK100_ETF,1,25,-0.08731824668512378,-1.3357127303178997,-0.09656830646417924
structure_long,70.0,30.0,UK100,0,0,0.0,0.0,0.0
structure_long,70.0,30.0,UK100,1,0,0.0,0.0,0.0
structure_long,70.0,30.0,UK100,2,0,0.0,0.0,0.0
structure_long,60.0,50.0,UK100_ETF,2,22,-0.12693198807876138,-1.537899392112481,-0.14162672603710125
structure_long,70.0,30.0,DAX40,0,0,0.0,0.0,0.0
structure_long,70.0,30.0,UK100,3,0,0.0,0.0,0.0
structure_long,70.0,30.0,DAX40,1,0,0.0,0.0,0.0
structure_long,70.0,30.0,DAX40,2,0,0.0,0.0,0.0
structure_long,70.0,30.0,DAX40,3,0,0.0,0.0,0.0
structure_long,70.0,30.0,CAC40,1,0,0.0,0.0,0.0
structure_long,70.0,30.0,CAC40,0,0,0.0,0.0,0.0
structure_long,70.0,30.0,CAC40,2,0,0.0,0.0,0.0
structure_long,70.0,30.0,IBEX35,0,0,0.0,0.0,0.0
structure_long,70.0,30.0,IBEX35,1,0,0.0,0.0,0.0
structure_long,60.0,50.0,FTSE250,3,44,-0.15428587023328677,-1.0693238949748338,-0.1663620148577858
structure_long,70.0,30.0,IBEX35,2,0,0.0,0.0,0.0
structure_long,70.0,30.0,IBEX35,3,0,0.0,0.0,0.0
structure_long,70.0,30.0,FTSE250,0,0,0.0,0.0,0.0
structure_long,70.0,30.0,CAC40,3,0,0.0,0.0,0.0
structure_long,70.0,30.0,FTSE250,1,0,0.0,0.0,0.0
structure_long,70.0,30.0,FTSE250,2,0,0.0,0.0,0.0
structure_long,70.0,30.0,UK100_ETF,0,0,0.0,0.0,0.0
structure_long,70.0,30.0,UK100_ETF,1,0,0.0,0.0,0.0
structure_long,70.0,30.0,UK100_ETF,2,0,0.0,0.0,0.0
structure_long,70.0,30.0,UK100_ETF,3,0,0.0,0.0,0.0
structure_long,70.0,40.0,UK100,0,0,0.0,0.0,0.0
structure_long,70.0,40.0,UK100,1,0,0.0,0.0,0.0
structure_long,70.0,40.0,UK100,2,0,0.0,0.0,0.0
structure_long,70.0,30.0,FTSE250,3,0,0.0,0.0,0.0
structure_long,70.0,40.0,DAX40,0,0,0.0,0.0,0.0
structure_long,70.0,40.0,DAX40,1,0,0.0,0.0,0.0
structure_long,70.0,40.0,UK100,3,0,0.0,0.0,0.0
structure_long,70.0,40.0,DAX40,2,0,0.0,0.0,0.0
structure_long,70.0,40.0,CAC40,0,0,0.0,0.0,0.0
structure_long,70.0,40.0,CAC40,1,0,0.0,0.0,0.0
structure_long,70.0,40.0,DAX40,3,0,0.0,0.0,0.0
structure_long,70.0,40.0,CAC40,2,0,0.0,0.0,0.0
structure_long,70.0,40.0,IBEX35,0,0,0.0,0.0,0.0
structure_long,70.0,40.0,CAC40,3,0,0.0,0.0,0.0
structure_long,70.0,40.0,IBEX35,2,0,0.0,0.0,0.0
structure_long,70.0,40.0,IBEX35,1,0,0.0,0.0,0.0
structure_long,70.0,40.0,FTSE250,0,0,0.0,0.0,0.0
structure_long,70.0,40.0,FTSE250,1,0,0.0,0.0,0.0
structure_long,70.0,40.0,FTSE250,2,0,0.0,0.0,0.0
structure_long,70.0,40.0,UK100_ETF,0,0,0.0,0.0,0.0
structure_long,70.0,40.0,FTSE250,3,0,0.0,0.0,0.0
structure_long,70.0,40.0,IBEX35,3,0,0.0,0.0,0.0
structure_long,70.0,40.0,UK100_ETF,1,0,0.0,0.0,0.0
structure_long,70.0,40.0,UK100_ETF,2,0,0.0,0.0,0.0
structure_long,70.0,50.0,UK100,0,0,0.0,0.0,0.0
structure_long,70.0,50.0,UK100,1,0,0.0,0.0,0.0
structure_long,70.0,40.0,UK100_ETF,3,0,0.0,0.0,0.0
structure_long,70.0,50.0,UK100,2,0,0.0,0.0,0.0
structure_long,70.0,50.0,DAX40,0,0,0.0,0.0,0.0
structure_long,70.0,50.0,DAX40,1,0,0.0,0.0,0.0
structure_long,70.0,50.0,UK100,3,0,0.0,0.0,0.0
structure_long,70.0,50.0,DAX40,2,0,0.0,0.0,0.0
structure_long,70.0,50.0,CAC40,1,0,0.0,0.0,0.0
structure_long,70.0,50.0,DAX40,3,0,0.0,0.0,0.0
structure_long,70.0,50.0,CAC40,0,0,0.0,0.0,0.0
structure_long,70.0,50.0,CAC40,2,0,0.0,0.0,0.0
structure_long,70.0,50.0,IBEX35,0,0,0.0,0.0,0.0
structure_long,70.0,50.0,IBEX35,1,0,0.0,0.0,0.0
structure_long,70.0,50.0,IBEX35,2,0,0.0,0.0,0.0
structure_long,70.0,50.0,FTSE250,0,0,0.0,0.0,0.0
structure_long,70.0,50.0,CAC40,3,0,0.0,0.0,0.0
structure_long,70.0,50.0,IBEX35,3,0,0.0,0.0,0.0
structure_long,70.0,50.0,FTSE250,1,0,0.0,0.0,0.0
structure_long,70.0,50.0,FTSE250,2,0,0.0,0.0,0.0
structure_long,70.0,50.0,UK100_ETF,0,0,0.0,0.0,0.0
structure_long,70.0,50.0,FTSE250,3,0,0.0,0.0,0.0
structure_long,70.0,50.0,UK100_ETF,1,0,0.0,0.0,0.0
structure_long,70.0,50.0,UK100_ETF,2,0,0.0,0.0,0.0
structure_long,70.0,50.0,UK100_ETF,3,0,0.0,0.0,0.0
structure_long,60.0,50.0,UK100_ETF,3,42,-0.05228169655290826,-0.38803382549121135,-0.0725241699029544
momentum_long,50.0,30.0,UK100,0,34,-0.06564847250430705,-0.8064603031243037,-0.09952055595424436
momentum_long,50.0,30.0,UK100,1,27,-0.029073822518083436,-0.3317049946343073,-0.04608323446650697
momentum_long,50.0,30.0,UK100,2,30,-0.10172302901498764,-1.1089968364406886,-0.1119638467025833
momentum_long,50.0,30.0,DAX40,0,27,0.003436522632447092,0.062374818350981326,-0.05643826739369939
momentum_long,50.0,30.0,DAX40,1,28,-0.016065051016510012,-0.160017720152489,-0.05441317870078122
momentum_long,50.0,30.0,DAX40,2,37,-0.12658167137963772,-1.3764030946804147,-0.1415884335981672
momentum_long,50.0,30.0,UK100,3,51,0.009461541238888982,0.07851245289568311,-0.07557370794472029
momentum_long,50.0,30.0,CAC40,0,32,-0.06960773205524584,-0.8122699390534824,-0.0895927327597722
momentum_long,50.0,30.0,CAC40,1,23,-0.03620348062169909,-0.4160806666059493,-0.05347897640214194
momentum_long,50.0,30.0,CAC40,2,32,-0.03175061851003935,-0.34916776400938987,-0.07105974174450602
momentum_long,50.0,30.0,DAX40,3,54,0.04675211701739901,0.29268433901538304,-0.08088092952064474
momentum_long,50.0,30.0,IBEX35,0,24,-0.02395326931259134,-0.29460478538981455,-0.05466551972790745
momentum_long,50.0,30.0,IBEX35,1,31,-0.0317712372293919,-0.39546956428785324,-0.04782673510071189
momentum_long,50.0,30.0,IBEX35,2,31,-0.08793212199399592,-1.0715570539772574,-0.0942701391561307
momentum_long,50.0,30.0,CAC40,3,51,-0.04836185174876084,-0.29941679203380783,-0.09819683542796342
momentum_long,50.0,30.0,FTSE250,0,22,0.011581050019586758,0.16961167361319915,-0.05181355397773535
momentum_long,50.0,30.0,FTSE250,2,26,-0.02362861230117652,-0.23904461909547906,-0.0558392678035502
momentum_long,50.0,30.0,FTSE250,1,31,-0.015523391544639553,-0.13874104624486858,-0.06308807169685882
momentum_long,50.0,30.0,IBEX35,3,52,-0.04778804153664351,-0.26460908639027236,-0.09308757023834435
momentum_long,50.0,30.0,UK100_ETF,0,30,-0.07779508909197708,-1.033879199781237,-0.12440718462145317
momentum_long,50.0,30.0,UK100_ETF,1,29,-0.07368943474878398,-0.8140589303116967,-0.08202149718380813
momentum_long,50.0,30.0,UK100_ETF,2,32,-0.07995788906479773,-0.9260024694678373,-0.09323682348558693
momentum_long,50.0,30.0,FTSE250,3,54,0.011277675338302373,0.08440720713512886,-0.050083562250308966
momentum_long,50.0,40.0,UK100,0,36,-0.044362860759827316,-0.5604720363276277,-0.08138435970646152
momentum_long,50.0,40.0,UK100,1,29,-0.02756492957723289,-0.3172186185395481,-0.04383831125982929
momentum_long,50.0,40.0,UK100,2,30,-0.055193005844919374,-0.6148372674106938,-0.0666282861026889
momentum_long,50.0,30.0,UK100_ETF,3,52,-0.023513322462717978,-0.14182920413097683,-0.08801358107119561
momentum_long,50.0,40.0,DAX40,0,29,-0.006564874524255915,-0.06082510010138638,-0.05654199248199976
momentum_long,50.0,40.0,DAX40,1,29,-0.014427070168173683,-0.14309556371069662,-0.05283903692918601
momentum_long,50.0,40.0,UK100,3,58,0.023022968766702734,0.16363972496355841,-0.07588883881974429
momentum_long,50.0,40.0,DAX40,2,41,-0.0947596064053543,-1.1019359420072958,-0.11031312399496251
momentum_long,50.0,40.0,CAC40,0,32,-0.05162687346070083,-0.5986923595809746,-0.07104517622909934
momentum_long,50.0,40.0,CAC40,1,24,-0.030916838934892832,-0.35459622231767396,-0.048287094713236334
momentum_long,50.0,40.0,CAC40,2,34,-0.007217942183072923,-0.06517433923017081,-0.05895602664834598
momentum_long,50.0,40.0,DAX40,3,62,0.045196286731540525,0.29119805693935663,-0.07542600539637989
momentum_long,50.0,40.0,IBEX35,0,25,-0.022383853004919407,-0.2693518540688144,-0.0561498178722496
momentum_long,50.0,40.0,IBEX35,1,36,-0.03915201461010398,-0.5226005416877517,-0.04437768352117977
momentum_long,50.0,40.0,IBEX35,2,33,-0.05323618423035692,-0.6509527410081917,-0.07120139507957435
momentum_long,50.0,40.0,CAC40,3,60,-0.04177120420698244,-0.2643930662396552,-0.08361245769476089
momentum_long,50.0,40.0,FTSE250,0,26,0.015115070600105973,0.22024559186277048,-0.04447151787830994
momentum_long,50.0,40.0,FTSE250,1,32,-0.004802289506447566,-0.027411556570803363,-0.05794854716325004
momentum_long,50.0,40.0,FTSE250,2,31,-0.0035755755250856947,-0.02083886998592537,-0.047435155026977815
momentum_long,50.0,40.0,IBEX35,3,55,-0.04966480132722284,-0.27921021580638916,-0.08640492367102337
momentum_long,50.0,40.0,UK100_ETF,0,31,-0.04956076188191472,-0.6707127502648843,-0.09759993846632675
momentum_long,50.0,40.0,UK100_ETF,1,31,-0.07750860316391861,-0.8549421312524927,-0.08147353847731242
momentum_long,50.0,40.0,UK100_ETF,2,33,-0.06083355657542433,-0.7088536811675313,-0.07438851179346762
momentum_long,50.0,40.0,FTSE250,3,57,0.03969545604277158,0.2392820166676175,-0.0540323033238691
momentum_long,60.0,30.0,UK100,0,27,-0.03675817779361934,-0.4487320453015019,-0.07777194994327385
momentum_long,60.0,30.0,UK100,1,23,-0.07069898367652894,-0.9545926627701099,-0.07669633138826482
momentum_long,60.0,30.0,UK100,2,28,-0.10884057689420135,-1.3076773654228087,-0.11721733640222487
momentum_long,50.0,40.0,UK100_ETF,3,57,-0.02713015433206678,-0.16685636588185482,-0.08419777800684758
momentum_long,60.0,30.0,DAX40,0,30,-0.08191229691706625,-1.0718158794511798,-0.09554185985683772
momentum_long,60.0,30.0,DAX40,1,26,-0.06346733411194294,-0.7991445468167837,-0.08833678715482873
momentum_long,60.0,30.0,UK100,3,47,-0.023721591853744894,-0.13506000515759048,-0.10903281342352855
momentum_long,60.0,30.0,DAX40,2,27,-0.09360087270079842,-1.2645160053728695,-0.11321820640411295
momentum_long,60.0,30.0,CAC40,0,27,-0.030499891678534397,-0.3552146043887436,-0.07067749987204619
momentum_long,60.0,30.0,CAC40,1,24,-0.056085520784217024,-0.6483629415862815,-0.07996462216802347
momentum_long,60.0,30.0,CAC40,2,30,-0.07547031776243585,-0.9392222277776069,-0.0757787752778748
momentum_long,60.0,30.0,DAX40,3,52,0.018544798477113655,0.12894573497953948,-0.05782092409349304
momentum_long,60.0,30.0,IBEX35,0,28,-0.06967391945188606,-0.8200590784207114,-0.10706839880290409
momentum_long,60.0,30.0,IBEX35,1,24,-0.05351769145679408,-0.8294496014594377,-0.06562379138821983
momentum_long,60.0,30.0,IBEX35,2,24,-0.04870900449522375,-0.5967924266946977,-0.06619014180750715
momentum_long,60.0,30.0,FTSE250,0,25,0.034053026328113356,0.42758708498770215,-0.04592577934169917
momentum_long,60.0,30.0,CAC40,3,53,-0.11404672353207257,-0.7255852610355218,-0.1523635610972156
momentum_long,60.0,30.0,FTSE250,1,28,-0.06256045970349622,-0.7239786694454878,-0.08021137789584643
momentum_long,60.0,30.0,FTSE250,2,25,-0.06689875471108186,-0.8033099231525795,-0.07510535809733854
momentum_long,60.0,30.0,IBEX35,3,54,-0.06409263631985684,-0.34250617340152634,-0.0910032174913119
momentum_long,60.0,30.0,UK100_ETF,0,30,-0.07113392260226281,-0.8389680283903113,-0.11301955578646239
momentum_long,60.0,30.0,UK100_ETF,1,26,-0.12401883612883702,-1.5741566468461095,-0.12888688289489214
momentum_long,60.0,30.0,UK100_ETF,2,26,-0.07382696626700413,-0.9603766631458591,-0.0744979876011056
momentum_long,60.0,30.0,FTSE250,3,49,-0.019743683667908796,-0.09096922894320084,-0.07266853651999339
momentum_long,60.0,40.0,UK100,0,29,-0.045000919661616345,-0.577190033846929,-0.08361324879447807
momentum_long,60.0,40.0,UK100,1,23,-0.060486404692820184,-0.832408935861589,-0.06654966042157406
momentum_long,60.0,30.0,UK100_ETF,3,48,-0.040866607053034576,-0.2713292595843592,-0.10021736323763464
momentum_long,60.0,40.0,UK100,2,28,-0.08277665621229624,-1.02990340087549,-0.09139841250734515
momentum_long,60.0,40.0,DAX40,0,30,-0.06890638668521587,-0.913071265861791,-0.08826127614436485
momentum_long,60.0,40.0,DAX40,2,28,-0.07503515278028028,-1.0920805936210516,-0.0950543071740102
momentum_long,60.0,40.0,DAX40,1,26,-0.057875830225367686,-0.7375112951911005,-0.08289376462764564
momentum_long,60.0,40.0,UK100,3,51,-0.018079583288182044,-0.0996830249245296,-0.1016783274853269
momentum_long,60.0,40.0,CAC40,1,24,-0.04078475493253575,-0.4737556317565786,-0.06505093432718656
momentum_long,60.0,40.0,CAC40,0,28,-0.014144904495461241,-0.15560827716278866,-0.05976206371962045
momentum_long,60.0,40.0,CAC40,2,30,-0.03873206955882291,-0.5029618945482249,-0.055610397530462485
momentum_long,60.0,40.0,DAX40,3,56,-0.004033774963536407,-0.0037904277829355886,-0.06984464844988791
momentum_long,60.0,40.0,IBEX35,0,28,-0.05331583844969101,-0.6241812384133171,-0.1015687834378437
momentum_long,60.0,40.0,IBEX35,1,27,-0.05675147931339619,-0.8962763095774596,-0.06648536770787505
momentum_long,60.0,40.0,IBEX35,2,24,-0.027547489232576883,-0.34275983722082853,-0.06487351659967078
momentum_long,60.0,40.0,CAC40,3,55,-0.09286867916493391,-0.6106551577839855,-0.1321605178595432
momentum_long,60.0,40.0,FTSE250,0,26,0.03249632823381776,0.42016094653024055,-0.04284654087026407
momentum_long,60.0,40.0,FTSE250,1,28,-0.054947601911400135,-0.6444952236726011,-0.07630143398130473
momentum_long,60.0,40.0,FTSE250,2,25,-0.0461059177337122,-0.5669910277886064,-0.07269788878292816
momentum_long,60.0,40.0,IBEX35,3,55,-0.061129906435043124,-0.3279942514893238,-0.09359899595553633
momentum_long,60.0,40.0,UK100_ETF,0,31,-0.0528770662364183,-0.6460923924026322,-0.09558596125291419
momentum_long,60.0,40.0,UK100_ETF,1,26,-0.1302527573877985,-1.6336759391513969,-0.13399099447899254
momentum_long,60.0,40.0,FTSE250,3,49,-0.009632978851704888,-0.03365865236749247,-0.06516617495520183
momentum_long,60.0,40.0,UK100_ETF,2,26,-0.07302989712234498,-0.9464992572267749,-0.07370149594076247
momentum_long,60.0,50.0,UK100,0,31,-0.037834250099617384,-0.49952580859266543,-0.07994882780744106
momentum_long,60.0,50.0,UK100,1,25,-0.05860381074567578,-0.8161380915604198,-0.06467921600434823
momentum_long,60.0,50.0,UK100,2,35,-0.0968782305042385,-1.2885586041787505,-0.10206414820682186
momentum_long,60.0,40.0,UK100_ETF,3,49,-0.02293330404121008,-0.14482456099148427,-0.09029359185750996
momentum_long,60.0,50.0,DAX40,0,34,-0.055371269395998346,-0.7693919155744815,-0.0780411375710286
momentum_long,60.0,50.0,DAX40,1,30,-0.01328086064046785,-0.16703175818177288,-0.05439979215262625
momentum_long,60.0,50.0,UK100,3,59,-0.03598469506808666,-0.23105870764175296,-0.10177526487897481
momentum_long,60.0,50.0,DAX40,2,31,-0.06500099489326827,-1.0372912864639539,-0.08523732008711538
momentum_long,60.0,50.0,CAC40,0,30,-0.002368230772748614,-0.01079769304925579,-0.059527241283438226
momentum_long,60.0,50.0,CAC40,2,35,-0.006933413615064499,-0.08394683584814375,-0.04209949619556197
momentum_long,60.0,50.0,CAC40,1,24,-0.007247111838286191,-0.07303135213064825,-0.04103104905468802
momentum_long,60.0,50.0,DAX40,3,61,-0.018885219611392,-0.0967251310256556,-0.07279062002551173
momentum_long,60.0,50.0,IBEX35,1,29,-0.038271270934007395,-0.6232882014925951,-0.052849552283550816
momentum_long,60.0,50.0,IBEX35,2,25,-0.006537560713916868,-0.07107657799342043,-0.050012552867048865
momentum_long,60.0,50.0,IBEX35,0,30,-0.03329538374444996,-0.4094225078599914,-0.0925135277537954
momentum_long,60.0,50.0,CAC40,3,57,-0.06173005050249958,-0.403577007365979,-0.11010078296005088
momentum_long,60.0,50.0,FTSE250,0,29,0.027976314223195686,0.37767945524352137,-0.043477217472191354
momentum_long,60.0,50.0,FTSE250,1,32,-0.05353657327876793,-0.6573225688010166,-0.07492228809774337
momentum_long,60.0,50.0,FTSE250,2,29,-0.03988409118983616,-0.4996502891660523,-0.06664950983077533
momentum_long,60.0,50.0,IBEX35,3,60,0.0016230894134137142,0.03015513968276086,-0.05911368957640517
momentum_long,60.0,50.0,UK100_ETF,0,32,-0.018137482536966898,-0.23357916554319075,-0.07280198936050974
momentum_long,60.0,50.0,UK100_ETF,1,28,-0.12911789030989917,-1.6561332790619947,-0.13286100514257515
momentum_long,60.0,50.0,FTSE250,3,58,-0.025228732754643768,-0.12666574408524586,-0.07769961258338387
momentum_long,60.0,50.0,UK100_ETF,2,30,-0.07233388537257457,-0.9963111778561256,-0.07443897458222604
momentum_long,70.0,30.0,UK100,0,23,-0.047150305378700796,-0.6906396234518306,-0.08323991837598466
momentum_long,70.0,30.0,UK100,1,25,-0.11794509979694134,-1.581296396985972,-0.12017351722357394
momentum_long,70.0,30.0,UK100,2,28,-0.13478769088532938,-1.708028174074275,-0.14292055157099226
momentum_long,60.0,50.0,UK100_ETF,3,55,-0.01480755216778451,-0.09242627305069723,-0.07775093211323725
momentum_long,70.0,30.0,DAX40,0,26,-0.052384617038200854,-0.6883075051648342,-0.07306123594586922
momentum_long,70.0,30.0,DAX40,1,21,-0.0502674770974092,-0.6858411062815027,-0.06778210593119027
momentum_long,70.0,30.0,UK100,3,42,0.01707356633959578,0.13554043113407876,-0.08338961910455778
momentum_long,70.0,30.0,DAX40,2,22,-0.0690205802349736,-0.9705320766640322,-0.09059430445966954
momentum_long,70.0,30.0,CAC40,1,20,-0.04537899994279526,-0.5715151850398484,-0.06639742055466935
momentum_long,70.0,30.0,CAC40,0,24,-0.07191390600606207,-1.0312140315972704,-0.09696729920917746
momentum_long,70.0,30.0,CAC40,2,29,-0.09377550779356136,-1.2084965937371257,-0.09660220647671447
momentum_long,70.0,30.0,DAX40,3,44,0.02236226080328918,0.15704106759077027,-0.07838064502330178
momentum_long,70.0,30.0,IBEX35,1,21,-0.06820552087497123,-1.0958669061253652,-0.08426777623952886
momentum_long,70.0,30.0,IBEX35,0,24,-0.05593805034221455,-0.7252462063524165,-0.10063602283777084
momentum_long,70.0,30.0,IBEX35,2,23,-0.059476143029833506,-0.7296834892886684,-0.07546395099026904
momentum_long,70.0,30.0,FTSE250,0,22,0.010070896919553762,0.14999347221301818,-0.06773174282397088
momentum_long,70.0,30.0,CAC40,3,42,-0.029567033769994477,-0.18350476878690317,-0.08024969590804254
momentum_long,70.0,30.0,FTSE250,2,26,-0.08333667353909224,-1.0206335348368585,-0.08452794192354773
momentum_long,70.0,30.0,IBEX35,3,45,-0.018670993371351474,-0.098260264687047,-0.06069002656293743
momentum_long,70.0,30.0,FTSE250,1,24,-0.04599464686808896,-0.6039076610401117,-0.06849402132020344
momentum_long,70.0,30.0,UK100_ETF,0,27,-0.10440613682922939,-1.3484125962496318,-0.12996389653499385
momentum_long,70.0,30.0,UK100_ETF,1,26,-0.12520671332706002,-1.657636993387872,-0.13006815876195454
momentum_long,70.0,30.0,UK100_ETF,2,29,-0.1255584473785859,-1.7711639367230747,-0.126191988753537
momentum_long,70.0,30.0,FTSE250,3,47,-0.08983004181760657,-0.56484368722592,-0.11428530204878307
momentum_long,70.0,40.0,UK100,0,23,-0.04145552035490596,-0.6140656523830582,-0.0785532248716132
momentum_long,70.0,40.0,UK100,1,25,-0.11069379358656573,-1.4971030352398078,-0.11294053066328047
momentum_long,70.0,40.0,UK100,2,28,-0.10498923334946464,-1.383755929199923,-0.11340219488579018
momentum_long,70.0,30.0,UK100_ETF,3,40,0.010195262174984121,0.09377185852007687,-0.06961873262422735
momentum_long,70.0,40.0,DAX40,0,26,-0.03765847728064253,-0.4979123750149116,-0.06728050110819328
momentum_long,70.0,40.0,DAX40,1,21,-0.039775422295653895,-0.5509957260058383,-0.05785933714531666
momentum_long,70.0,40.0,UK100,3,45,0.01478680976475788,0.12061630358874988,-0.08622096363357634
momentum_long,70.0,40.0,DAX40,2,23,-0.05556037633284783,-0.8263074837787061,-0.07715937654161187
momentum_long,70.0,40.0,CAC40,0,24,-0.044935235831052855,-0.6641712700690512,-0.07071690977920442
momentum_long,70.0,40.0,CAC40,1,20,-0.041956722741231745,-0.533940813637556,-0.0630504935304731
momentum_long,70.0,40.0,CAC40,2,29,-0.06269756830921047,-0.8393856612555685,-0.06562120541255734
momentum_long,70.0,40.0,DAX40,3,47,0.007826089864753527,0.06909392506997489,-0.07716415420723366
momentum_long,70.0,40.0,IBEX35,1,23,-0.06813358891007026,-1.122740366720103,-0.08192264778691927
momentum_long,70.0,40.0,IBEX35,0,24,-0.050364650099863684,-0.6461588514350317,-0.09509679011159988
momentum_long,70.0,40.0,IBEX35,2,23,-0.03330702657280926,-0.4182078626727947,-0.05469999835068906
momentum_long,70.0,40.0,CAC40,3,43,-0.02819261827260766,-0.18006479186384794,-0.0778688770151843
momentum_long,70.0,40.0,FTSE250,0,22,0.016460504869233894,0.23599255986311007,-0.06296257011970552
momentum_long,70.0,40.0,FTSE250,1,24,-0.04599464686808896,-0.6039076610401117,-0.06849402132020344
momentum_long,70.0,40.0,FTSE250,2,26,-0.06143428964317443,-0.7741600942928591,-0.07501941867178319
momentum_long,70.0,40.0,IBEX35,3,45,-0.018637165528960442,-0.09741372395084494,-0.06069002656293743
momentum_long,70.0,40.0,UK100_ETF,1,26,-0.1226227364689807,-1.6120895426642328,-0.12639376794664448
momentum_long,70.0,40.0,UK100_ETF,0,28,-0.083420834778411,-1.149086191186622,-0.10957745667966767
momentum_long,70.0,40.0,UK100_ETF,2,29,-0.11571733989093225,-1.6299911829319818,-0.1163580112435818
momentum_long,70.0,40.0,FTSE250,3,47,-0.07417072055578555,-0.4698486707636988,-0.09904672943182635
momentum_long,70.0,50.0,UK100,0,23,-0.025931342709132332,-0.38958803661215463,-0.06362986582883323
momentum_long,70.0,50.0,UK100,1,25,-0.09531339011129203,-1.3259501826800495,-0.09759898413344759
momentum_long,70.0,50.0,UK100,2,32,-0.11079130422590255,-1.499773170906975,-0.11589733009357794
momentum_long,70.0,40.0,UK100_ETF,3,41,0.01652833232463191,0.14218992434806327,-0.06740113896017075
momentum_long,70.0,50.0,DAX40,0,27,-0.028877490106241743,-0.38314587501750735,-0.06253755585452792
momentum_long,70.0,50.0,DAX40,1,24,-0.019917953827412904,-0.2896038661865093,-0.05134846487267264
momentum_long,70.0,50.0,DAX40,2,25,-0.04182453269311537,-0.6864117892223145,-0.07086679141815921
momentum_long,70.0,50.0,UK100,3,49,0.008902032006807614,0.08132955191101836,-0.08441907912845048
momentum_long,70.0,50.0,CAC40,1,20,-0.02498270158371818,-0.31756989782379247,-0.04645019882161505
momentum_long,70.0,50.0,CAC40,0,25,-0.027318336122446496,-0.41405591855147417,-0.060449359597499974
momentum_long,70.0,50.0,CAC40,2,32,-0.052502273920589704,-0.7641387249415766,-0.052502273920589704
momentum_long,70.0,50.0,DAX40,3,51,0.009415313941819381,0.08063400819990432,-0.06529572094896252
momentum_long,70.0,50.0,IBEX35,1,23,-0.061153732733559285,-1.0197617322682377,-0.07504607427691967
momentum_long,70.0,50.0,IBEX35,0,25,-0.04743528299651423,-0.6261107417066384,-0.09196365630553593
momentum_long,70.0,50.0,IBEX35,2,23,-0.012529495462226481,-0.15178317713200887,-0.04304581985791733
momentum_long,70.0,50.0,CAC40,3,43,-0.009901362272754288,-0.05258335851871019,-0.07328194726852433
momentum_long,70.0,50.0,FTSE250,0,22,0.02264245539929699,0.3273282316330083,-0.05726365805318845
momentum_long,70.0,50.0,FTSE250,1,27,-0.05380509356039387,-0.7457319406354536,-0.07612026551910356
momentum_long,70.0,50.0,IBEX35,3,45,0.021817935815425127,0.1567513681368764,-0.06069002656293743
momentum_long,70.0,50.0,FTSE250,2,27,-0.052411730878411444,-0.6648879530620543,-0.06612745558469624
momentum_long,70.0,50.0,UK100_ETF,0,28,-0.04793487261087215,-0.7154888694709967,-0.0847240538713655
momentum_long,70.0,50.0,UK100_ETF,1,27,-0.12146503550161392,-1.6045819500747784,-0.1252410428624824
momentum_long,70.0,50.0,UK100_ETF,2,30,-0.1137231456404163,-1.6210500609047587,-0.1143652618061165
momentum_long,70.0,50.0,FTSE250,3,49,-0.07031560382504487,-0.4486025656790195,-0.09529519542431686
confidence_long,50.0,30.0,UK100,1,21,-0.10111771189572405,-1.395063831020075,-0.10111771189572405
confidence_long,50.0,30.0,UK100,0,16,0.01981899181572544,0.332162114572001,-0.045133038976961415
confidence_long,50.0,30.0,UK100,2,11,-0.03587954021368511,-0.7021421127906371,-0.0384812855642902
confidence_long,50.0,30.0,DAX40,0,7,-0.003820551373843739,-0.09327990303939446,-0.04819578178484585
confidence_long,50.0,30.0,DAX40,2,10,0.0011394159092512623,0.03532797918984996,-0.024470915905885238
confidence_long,50.0,30.0,DAX40,1,14,0.02749639661044667,0.4260737479270341,-0.04638331491895098
confidence_long,50.0,30.0,UK100,3,23,0.013554814227187295,0.13922577902860367,-0.05116273079324829
momentum_long,70.0,50.0,UK100_ETF,3,43,0.02138347910047078,0.18108931891994456,-0.06694099767113226
confidence_long,50.0,30.0,CAC40,1,9,-0.014083488625338036,-0.22352267593562042,-0.03371507754983394
confidence_long,50.0,30.0,CAC40,0,12,-0.0036373941215147587,-0.0516972735049145,-0.04937565108039943
confidence_long,50.0,30.0,CAC40,2,11,2.1049167653997003e-05,0.013631440482267419,-0.037518875882847746
confidence_long,50.0,30.0,DAX40,3,22,0.07063468100644865,0.6663909681014148,-0.05369899490767749
confidence_long,50.0,30.0,IBEX35,0,15,-0.04727962525514462,-0.8553894637853113,-0.06756117244671356
confidence_long,50.0,30.0,IBEX35,1,18,-0.02946531672813779,-0.4766122612913305,-0.04651188526961658
confidence_long,50.0,30.0,IBEX35,2,12,-0.01746901028296488,-0.32690866658331114,-0.048042247987987285
confidence_long,50.0,30.0,CAC40,3,30,-0.04407345302516552,-0.3448995498304659,-0.09041002505407669
confidence_long,50.0,30.0,FTSE250,0,14,0.03148503631802946,0.5833859792501527,-0.029146766419506087
confidence_long,50.0,30.0,FTSE250,1,15,-0.008343194954818167,-0.11851275328871964,-0.03500865809026177
confidence_long,50.0,30.0,FTSE250,2,10,-0.017606617556800708,-0.2957401333578704,-0.04321840517696918
confidence_long,50.0,30.0,IBEX35,3,17,0.13673575046607778,1.2678101763258245,-0.03167613819544479
confidence_long,50.0,30.0,UK100_ETF,1,19,-0.09387058507800972,-1.2886591020868965,-0.0977651953996358
confidence_long,50.0,30.0,UK100_ETF,0,15,-0.0026726141411843596,-0.023274700008095724,-0.03343383292631541
confidence_long,50.0,30.0,UK100_ETF,2,12,-0.010167626859520551,-0.16870607284070435,-0.028144627269678812
confidence_long,50.0,30.0,FTSE250,3,25,0.05150746813745344,0.4102953302510114,-0.05250521022739352
confidence_long,50.0,40.0,UK100,0,16,0.030626611867474063,0.5160553990311485,-0.04090617727395607
confidence_long,50.0,40.0,UK100,1,21,-0.08906964818647645,-1.2571016041653034,-0.08906964818647645
confidence_long,50.0,40.0,UK100,2,11,-0.03190025202751823,-0.6366333996363351,-0.03603699731054799
confidence_long,50.0,40.0,DAX40,0,7,0.0008212385360601981,0.031930412338831815,-0.04376076234893189
confidence_long,50.0,30.0,UK100_ETF,3,25,0.015791648986958062,0.15564680706375406,-0.07415051445765752
confidence_long,50.0,40.0,DAX40,2,11,0.0029343865611284325,0.07148819667369676,-0.024470915905885238
confidence_long,50.0,40.0,DAX40,1,15,0.018734351493903123,0.2971256196489458,-0.04485805710687485
confidence_long,50.0,40.0,UK100,3,25,0.009928277443526312,0.10617787383334268,-0.051071229643974925
confidence_long,50.0,40.0,CAC40,0,13,0.004578361536112796,0.10199255931974924,-0.04362963351851723
confidence_long,50.0,40.0,CAC40,1,9,-0.014083488625338036,-0.22352267593562042,-0.03371507754983394
confidence_long,50.0,40.0,CAC40,2,12,-0.0016735146880184626,-0.019420808492889186,-0.03665133755857697
confidence_long,50.0,40.0,DAX40,3,23,0.06536921464485945,0.6252101284459061,-0.057113647050363925
confidence_long,50.0,40.0,IBEX35,0,15,-0.03848461268328918,-0.6903061470953461,-0.060937972617557845
confidence_long,50.0,40.0,IBEX35,2,13,-0.01407066713308236,-0.2684542799593239,-0.0416921379651205
confidence_long,50.0,40.0,IBEX35,1,18,-0.027202225890720744,-0.44959845574580487,-0.04700366870480721
confidence_long,50.0,40.0,CAC40,3,31,-0.03617110658764666,-0.2835344265570769,-0.08566470991493857
confidence_long,50.0,40.0,FTSE250,1,17,-0.018684437268510323,-0.2912687886716743,-0.03500865809026177
confidence_long,50.0,40.0,FTSE250,0,14,0.03336130058011744,0.6217067016002596,-0.029146766419505865
confidence_long,50.0,40.0,IBEX35,3,17,0.1467996265755387,1.3618860763440581,-0.02310326505844673
confidence_long,50.0,40.0,FTSE250,2,10,-0.012963639367349011,-0.21490345163953278,-0.03979427029903515
confidence_long,50.0,40.0,UK100_ETF,0,15,0.002024770138996823,0.04712916518396958,-0.03099762485297164
confidence_long,50.0,40.0,UK100_ETF,1,20,-0.09536466001268784,-1.29486643457475,-0.0992528486912615
confidence_long,50.0,40.0,UK100_ETF,2,12,-0.009120366543728387,-0.15058097454178138,-0.028144627269679034
confidence_long,50.0,40.0,FTSE250,3,25,0.07751569426016491,0.6237043479979658,-0.04361069236714843
confidence_long,60.0,30.0,UK100,0,22,-0.05495785653226393,-0.8072205083405398,-0.09782162390416116
confidence_long,60.0,30.0,UK100,1,14,-0.05656184281151766,-0.9176921888214885,-0.05656184281151766
confidence_long,60.0,30.0,UK100,2,19,-0.08459054074552974,-1.1592515902427298,-0.09172334014661854
confidence_long,50.0,40.0,UK100_ETF,3,27,0.021705915447979063,0.21114605657594246,-0.06875992026862532
confidence_long,60.0,30.0,DAX40,0,15,0.037301260926158486,0.6128448505299837,-0.039055289379045344
confidence_long,60.0,30.0,DAX40,1,15,0.01189264093052489,0.18787978278423542,-0.036597877993700956
confidence_long,60.0,30.0,DAX40,2,14,-0.03307383120847007,-0.49418949238586096,-0.05246221061926093
confidence_long,60.0,30.0,UK100,3,38,-0.09361265287871956,-0.7176009416420792,-0.13635915989130887
confidence_long,60.0,30.0,CAC40,1,13,-0.021173117073043812,-0.3140035336321379,-0.05157336863078954
confidence_long,60.0,30.0,CAC40,0,22,-0.05489278287896271,-0.7331074633089567,-0.08657173018705344
confidence_long,60.0,30.0,CAC40,2,20,-0.0860035105099376,-1.331701318733277,-0.08887481883052717
confidence_long,60.0,30.0,IBEX35,0,16,-0.05583540915924223,-0.9661548557407456,-0.06144717229134766
confidence_long,60.0,30.0,DAX40,3,34,-0.010886903561806882,-0.06432407944641942,-0.06319267159810671
confidence_long,60.0,30.0,IBEX35,1,15,-0.07215195587868217,-1.3120048116803893,-0.07661855741286572
confidence_long,60.0,30.0,IBEX35,2,14,-0.05256717623438367,-0.9110015151594403,-0.07354680711087691
confidence_long,60.0,30.0,CAC40,3,31,-0.021647156619160723,-0.16113969732764435,-0.07140264104425553
confidence_long,60.0,30.0,FTSE250,1,15,-0.04552181408677103,-0.6981171717503712,-0.04793169161909849
confidence_long,60.0,30.0,FTSE250,0,16,-0.013133818021329513,-0.22270347872901752,-0.0579329240486991
confidence_long,60.0,30.0,FTSE250,2,12,-0.015201979731929494,-0.2060127629173436,-0.04035802277734579
confidence_long,60.0,30.0,IBEX35,3,28,-0.010388473157788236,-0.06573159973842924,-0.05188138190469027
confidence_long,60.0,30.0,UK100_ETF,1,18,-0.11597664281297204,-1.7471690421522748,-0.11977623968595896
confidence_long,60.0,30.0,UK100_ETF,0,23,-0.08139271327085684,-1.1532104243399661,-0.11359008322461273
confidence_long,60.0,30.0,UK100_ETF,2,18,-0.03086544402026825,-0.44293812346143546,-0.05182673520669123
confidence_long,60.0,30.0,FTSE250,3,32,-0.02261682577786417,-0.15936321122836355,-0.0686668845743702
confidence_long,60.0,40.0,UK100,1,15,-0.06656221242912563,-1.1147907586637622,-0.06656221242912563
confidence_long,60.0,40.0,UK100,0,22,-0.04787566844449198,-0.7077219518092839,-0.09106065880604808
confidence_long,60.0,40.0,UK100,2,19,-0.08459054074552974,-1.1592515902427298,-0.09172334014661854
confidence_long,60.0,40.0,DAX40,0,15,0.037301260926158486,0.6128448505299837,-0.039055289379045344
confidence_long,60.0,30.0,UK100_ETF,3,36,-0.09567358414957416,-0.7158452088698931,-0.15216457963192853
confidence_long,60.0,40.0,DAX40,1,15,0.008184578693798628,0.1339221765344386,-0.04012824760297884
confidence_long,60.0,40.0,DAX40,2,14,-0.022272787998894872,-0.3383238111570809,-0.04187774519042908
confidence_long,60.0,40.0,UK100,3,38,-0.08763476620702437,-0.671057706978292,-0.13066319879518995
confidence_long,60.0,40.0,CAC40,1,13,-0.021173117073043812,-0.3140035336321379,-0.05157336863078954
confidence_long,60.0,40.0,CAC40,0,22,-0.05489278287896271,-0.7331074633089567,-0.08657173018705344
confidence_long,60.0,40.0,DAX40,3,34,-0.010824982069164268,-0.06341703497412493,-0.06313402460586481
confidence_long,60.0,40.0,CAC40,2,20,-0.08245072349932814,-1.2883545341742526,-0.08533319285502261
confidence_long,60.0,40.0,IBEX35,0,16,-0.055084175692075354,-0.9550214842698883,-0.06070040387647735
confidence_long,60.0,40.0,IBEX35,1,15,-0.06872507134816297,-1.2619957627288445,-0.07320816968675159
confidence_long,60.0,40.0,IBEX35,2,14,-0.05256717623438367,-0.9110015151594403,-0.07354680711087691
confidence_long,60.0,40.0,CAC40,3,31,-0.022708979783615524,-0.1696132333103256,-0.07241046372587989
confidence_long,60.0,40.0,FTSE250,0,16,-0.013133818021329513,-0.22270347872901752,-0.0579329240486991
confidence_long,60.0,40.0,FTSE250,1,15,-0.04484505776816006,-0.6894652696667187,-0.04725664398264595
confidence_long,60.0,40.0,FTSE250,2,12,-0.015201979731929494,-0.2060127629173436,-0.04035802277734579
confidence_long,60.0,40.0,IBEX35,3,28,-0.010388473157788236,-0.06573159973842924,-0.05188138190469027
confidence_long,60.0,40.0,UK100_ETF,0,23,-0.07703217162173659,-1.094092991896191,-0.10938237943635398
confidence_long,60.0,40.0,UK100_ETF,1,18,-0.11582660286563828,-1.750756838249214,-0.11962684462126327
confidence_long,60.0,40.0,UK100_ETF,2,18,-0.03086544402026825,-0.44293812346143546,-0.05182673520669123
confidence_long,60.0,40.0,FTSE250,3,32,-0.02261682577786417,-0.15936321122836355,-0.0686668845743702
confidence_long,60.0,50.0,UK100,0,22,-0.036638032326563374,-0.5457314515278276,-0.08112291125318627
confidence_long,60.0,50.0,UK100,1,16,-0.06234134449023099,-1.0692155742056897,-0.06234134449023099
confidence_long,60.0,50.0,UK100,2,20,-0.08649141575819119,-1.215148423344561,-0.09360940368883397
confidence_long,60.0,40.0,UK100_ETF,3,36,-0.1139763308200561,-0.7041881504963942,-0.1693239997763304
confidence_long,60.0,50.0,DAX40,0,15,0.037301260926158486,0.6128448505299837,-0.039055289379045344
confidence_long,60.0,50.0,DAX40,1,16,0.006813235442842069,0.11682153836211456,-0.041433875240270424
confidence_long,60.0,50.0,DAX40,2,14,-0.017521852610879796,-0.2744094457942277,-0.04028647214373038
confidence_long,60.0,50.0,UK100,3,39,-0.08058188326361482,-0.6269151625004087,-0.12107301475779686
confidence_long,60.0,50.0,CAC40,0,22,-0.03955995117879252,-0.5349642164190161,-0.07175283802592636
confidence_long,60.0,50.0,CAC40,1,14,-0.01790576268633426,-0.27322954490196716,-0.04563849996918867
confidence_long,60.0,50.0,CAC40,2,21,-0.06229493295310351,-1.018331135507934,-0.0665019918358506
confidence_long,60.0,50.0,DAX40,3,36,0.005905621276836692,0.06133929933134137,-0.04561059839748749
confidence_long,60.0,50.0,IBEX35,0,19,-0.06053333067474609,-1.130888241951704,-0.06611717110882409
confidence_long,60.0,50.0,IBEX35,1,16,-0.06260319018777194,-1.2172682639350527,-0.06930834434431499
confidence_long,60.0,50.0,IBEX35,2,15,-0.0523510176704578,-0.9215351647895667,-0.07300581040965726
confidence_long,60.0,50.0,FTSE250,0,16,0.002443943441225116,0.05905579713828987,-0.0445429023981041
confidence_long,60.0,50.0,CAC40,3,32,-0.021729438114664434,-0.16490218064740786,-0.06648746008588624
confidence_long,60.0,50.0,FTSE250,1,17,-0.04010331771300657,-0.6315978638370594,-0.04010331771300657
confidence_long,60.0,50.0,FTSE250,2,12,-0.015201979731929494,-0.2060127629173436,-0.04035802277734579
confidence_long,60.0,50.0,IBEX35,3,28,-0.00626297229671291,-0.033660755981564205,-0.052733774936800426
confidence_long,60.0,50.0,UK100_ETF,1,20,-0.11716756274140638,-1.8467229038105795,-0.12096204095367102
confidence_long,60.0,50.0,UK100_ETF,0,25,-0.0745062008528965,-1.0646704597751862,-0.1041991230732846
confidence_long,60.0,50.0,UK100_ETF,2,18,-0.02481744321024848,-0.35666809164282054,-0.045909545856537726
confidence_long,60.0,50.0,FTSE250,3,36,-0.0477740410483255,-0.3685097953240426,-0.07463497772554994
confidence_long,70.0,30.0,UK100,1,16,-0.10385767867749596,-1.7044921931174615,-0.10385767867749596
confidence_long,70.0,30.0,UK100,0,25,-0.0889183777357343,-1.1997820977106133,-0.11197400817832404
confidence_long,70.0,30.0,UK100,2,23,-0.11310439853104404,-1.3839486569449801,-0.11495107616459121
confidence_long,60.0,50.0,UK100_ETF,3,40,-0.07341863543166549,-0.6019325085362486,-0.12474652765710337
confidence_long,70.0,30.0,DAX40,0,24,-0.047193350104492326,-0.5868003073022767,-0.06143902719565242
confidence_long,70.0,30.0,DAX40,1,14,-0.06249456547906085,-1.0215475426546687,-0.0779372342698289
confidence_long,70.0,30.0,DAX40,2,25,-0.15759242638474968,-1.974201057395804,-0.1711143473906065
confidence_long,70.0,30.0,UK100,3,38,-0.031256942411102995,-0.2079128756160612,-0.08738815312308845
confidence_long,70.0,30.0,CAC40,1,17,-0.06963357421746663,-0.965420973218281,-0.07723259450781961
confidence_long,70.0,30.0,CAC40,0,25,-0.0987003378218424,-1.3873023437068577,-0.10721732429903297
confidence_long,70.0,30.0,CAC40,2,20,-0.04337102314901964,-0.6303648089413013,-0.06804440177918403
confidence_long,70.0,30.0,IBEX35,1,9,-0.05249422025633377,-1.2850603982654876,-0.05818155916345935
confidence_long,70.0,30.0,DAX40,3,40,-0.009696357548665602,-0.04881076686707423,-0.08684066664540346
confidence_long,70.0,30.0,IBEX35,0,18,-0.02446835265714531,-0.3351612125762489,-0.05543586858863114
confidence_long,70.0,30.0,IBEX35,2,16,-0.10543364538905775,-1.9060952699147167,-0.11355026572668969
confidence_long,70.0,30.0,CAC40,3,36,-0.1479002388585584,-1.2053481116027114,-0.15089882835561907
confidence_long,70.0,30.0,FTSE250,1,17,-0.07435892536035027,-0.9970610324779674,-0.07858399724926735
confidence_long,70.0,30.0,FTSE250,0,21,0.031998805249236595,0.41468157474243506,-0.05195570230371116
confidence_long,70.0,30.0,FTSE250,2,14,-6.992788611459577e-05,0.015406047083017618,-0.030631731665930917
confidence_long,70.0,30.0,IBEX35,3,43,-0.06104226179350447,-0.3756706524812051,-0.10908914460150188
confidence_long,70.0,30.0,UK100_ETF,0,26,-0.09983319056038342,-1.2785468842524672,-0.12517428158577137
confidence_long,70.0,30.0,UK100_ETF,1,17,-0.0968165174490554,-1.500218679472667,-0.10069846593846399
confidence_long,70.0,30.0,FTSE250,3,31,-0.05169116548852526,-0.4270486145344085,-0.05771455577431783
confidence_long,70.0,40.0,UK100,1,16,-0.10319748122633188,-1.69892488258753,-0.10319748122633188
confidence_long,70.0,30.0,UK100_ETF,2,20,-0.07286544188028743,-0.9154399048723468,-0.08456015761003643
confidence_long,70.0,40.0,UK100,0,25,-0.0883377620192961,-1.193446190604159,-0.11140808539505476
confidence_long,70.0,30.0,UK100_ETF,3,40,-0.041318661259401646,-0.30335346936850044,-0.07335513087301504
confidence_long,70.0,40.0,UK100,2,23,-0.11310439853104404,-1.3839486569449801,-0.11495107616459121
confidence_long,70.0,40.0,DAX40,0,24,-0.047193350104492326,-0.5868003073022767,-0.06143902719565242
confidence_long,70.0,40.0,DAX40,1,14,-0.06249456547906085,-1.0215475426546687,-0.0779372342698289
confidence_long,70.0,40.0,DAX40,2,25,-0.15759242638474968,-1.974201057395804,-0.1711143473906065
confidence_long,70.0,40.0,UK100,3,38,-0.028989372592733154,-0.19146396726226014,-0.08738815312308856
confidence_long,70.0,40.0,CAC40,1,17,-0.06963357421746663,-0.965420973218281,-0.07723259450781961
confidence_long,70.0,40.0,CAC40,2,20,-0.04162506151668388,-0.6093047296716867,-0.06804440177918403
confidence_long,70.0,40.0,CAC40,0,25,-0.09580282064971413,-1.3514450234587485,-0.10434718771474694
confidence_long,70.0,40.0,IBEX35,1,9,-0.05249422025633377,-1.2850603982654876,-0.05818155916345935
confidence_long,70.0,40.0,DAX40,3,40,-0.009696357548665602,-0.04881076686707423,-0.08684066664540346
confidence_long,70.0,40.0,IBEX35,0,18,-0.02446835265714531,-0.3351612125762489,-0.05543586858863114
confidence_long,70.0,40.0,IBEX35,2,16,-0.10473407832106729,-1.8964244742628134,-0.1128570460025965
confidence_long,70.0,40.0,CAC40,3,36,-0.14237530696892642,-1.1631622832912687,-0.14539333902833929
confidence_long,70.0,40.0,FTSE250,1,17,-0.07435892536035027,-0.9970610324779674,-0.07858399724926735
confidence_long,70.0,40.0,FTSE250,0,21,0.031998805249236595,0.41468157474243506,-0.05195570230371116
confidence_long,70.0,40.0,FTSE250,2,14,-6.992788611459577e-05,0.015406047083017618,-0.030631731665930917
confidence_long,70.0,40.0,IBEX35,3,43,-0.06104226179350447,-0.3756706524812051,-0.10908914460150188
confidence_long,70.0,40.0,UK100_ETF,1,17,-0.0928199072327528,-1.4455239858943074,-0.09671903344439803
confidence_long,70.0,40.0,UK100_ETF,0,26,-0.09981710944680655,-1.2750526016658597,-0.12515865318046882
confidence_long,70.0,40.0,FTSE250,3,31,-0.05169116548852526,-0.4270486145344085,-0.05771455577431783
confidence_long,70.0,40.0,UK100_ETF,2,20,-0.07286544188028743,-0.9154399048723468,-0.08456015761003643
confidence_long,70.0,50.0,UK100,0,25,-0.08312353533786065,-1.1358781261516098,-0.10709366436905055
confidence_long,70.0,50.0,UK100,1,16,-0.0957516465855871,-1.6072543889152762,-0.0957516465855871
confidence_long,70.0,40.0,UK100_ETF,3,40,-0.041318661259401646,-0.30335346936850044,-0.07335513087301504
confidence_long,70.0,50.0,UK100,2,24,-0.12176965054076505,-1.5154288588628282,-0.12359828554669194
confidence_long,70.0,50.0,DAX40,0,24,-0.047193350104492326,-0.5868003073022767,-0.06143902719565242
confidence_long,70.0,50.0,DAX40,1,14,-0.06123700396137555,-1.0094233025520187,-0.07670038741179952
confidence_long,70.0,50.0,DAX40,2,25,-0.15782468478764,-1.9837455954561596,-0.17134287769337597
confidence_long,70.0,50.0,UK100,3,38,-0.021137385947114118,-0.13594739565301311,-0.0840348326140209
confidence_long,70.0,50.0,CAC40,1,17,-0.06431316886145888,-0.9193533916677818,-0.07341673554862016
confidence_long,70.0,50.0,CAC40,2,20,-0.030033491757527786,-0.44491452204589466,-0.06464092365050267
confidence_long,70.0,50.0,CAC40,0,25,-0.09275238002275488,-1.3144305538638712,-0.10132557275216947
confidence_long,70.0,50.0,DAX40,3,40,-0.0023999982821562016,0.0013971127651809501,-0.08229417113125737
confidence_long,70.0,50.0,IBEX35,1,9,-0.042719437771730595,-1.1302559247997195,-0.04846544914494755
confidence_long,70.0,50.0,IBEX35,0,18,-0.02446835265714531,-0.3351612125762489,-0.05543586858863114
confidence_long,70.0,50.0,IBEX35,2,16,-0.10494457332414675,-1.8852568985987526,-0.11306563113279267
confidence_long,70.0,50.0,CAC40,3,37,-0.14543130801603055,-1.223779134105839,-0.1484385858268673
confidence_long,70.0,50.0,FTSE250,1,17,-0.07435892536035027,-0.9970610324779674,-0.07858399724926735
confidence_long,70.0,50.0,FTSE250,0,21,0.038243079046780704,0.4950461414922846,-0.04621940867923735
confidence_long,70.0,50.0,FTSE250,2,14,4.443258539388317e-05,0.01713544427749569,-0.030520866501132282
confidence_long,70.0,50.0,IBEX35,3,43,-0.06104226179350447,-0.3756706524812051,-0.10908914460150188
confidence_long,70.0,50.0,UK100_ETF,1,17,-0.08832810550883274,-1.376088853349336,-0.09224653781193526
confidence_long,70.0,50.0,UK100_ETF,0,28,-0.11227016386617306,-1.467077297765773,-0.1372611348145738
confidence_long,70.0,50.0,FTSE250,3,31,-0.05169116548852526,-0.4270486145344085,-0.05771455577431783
vol_long,50.0,30.0,UK100,0,4,0.0062218471520263385,0.21453463533412384,-0.017329095046490828
vol_long,50.0,30.0,UK100,1,9,-0.040073429110203174,-0.8056919877832748,-0.04298412394491302
vol_long,50.0,30.0,UK100,2,11,-0.015223062034161017,-0.2649295109240981,-0.02943527770697474
confidence_long,70.0,50.0,UK100_ETF,2,20,-0.06828260183096047,-0.8613134200862477,-0.08003512471625374
vol_long,50.0,30.0,DAX40,0,5,-0.043214702669562954,-1.3590816623508024,-0.050505808505851846
vol_long,50.0,30.0,UK100,3,12,-0.01206615597389793,-0.1460423919581995,-0.03699392153267467
vol_long,50.0,30.0,DAX40,1,8,-0.001669939112383112,-0.013251086153233874,-0.03829865689556966
vol_long,50.0,30.0,DAX40,2,16,0.0014003918246745517,0.03774731335516757,-0.05138307927330743
vol_long,50.0,30.0,CAC40,0,7,-0.0230068278888228,-0.5576962238485136,-0.05967467648094282
vol_long,50.0,30.0,DAX40,3,12,0.043621947193380084,0.5057462953703575,-0.029164554102367513
confidence_long,70.0,50.0,UK100_ETF,3,41,-0.045591503293301305,-0.3424937900073145,-0.08259933687091525
vol_long,50.0,30.0,CAC40,1,10,0.013344276036815428,0.22042517647624812,-0.039049136137891516
vol_long,50.0,30.0,CAC40,2,11,0.048910396046628835,0.7853316942878682,-0.022972871868110145
vol_long,50.0,30.0,IBEX35,0,7,-0.011291197413303977,-0.22878996190709672,-0.05252082451367379
vol_long,50.0,30.0,IBEX35,1,6,-0.006985871380101205,-0.13383437399376294,-0.03151538414332833
vol_long,50.0,30.0,CAC40,3,11,0.02777075483829372,0.3479118413010083,-0.023117474402153726
vol_long,50.0,30.0,IBEX35,2,8,-0.0044842218592530125,-0.09034056159496703,-0.02696909066712172
vol_long,50.0,30.0,FTSE250,0,3,0.002170897574138797,0.11151333288400765,-0.02095720147175839
vol_long,50.0,30.0,IBEX35,3,9,-0.032300752617334894,-0.5884635856414631,-0.047125239230803584
vol_long,50.0,30.0,FTSE250,1,8,-0.028508995689977557,-0.57447892912402,-0.03574776223435028
vol_long,50.0,30.0,UK100_ETF,0,6,0.016246276164419537,0.48762881941436736,-0.017502374061883708
vol_long,50.0,30.0,FTSE250,2,10,0.03779677024252148,0.6800631721773224,-0.031235852675577047
vol_long,50.0,30.0,UK100_ETF,1,11,-0.03547904061984375,-0.5636074253542309,-0.05598001338627023
vol_long,50.0,30.0,FTSE250,3,14,-0.013862951574267424,-0.15689227237482709,-0.04824621847200594
vol_long,50.0,40.0,UK100,0,4,0.0062218471520263385,0.21453463533412384,-0.017329095046490828
vol_long,50.0,30.0,UK100_ETF,2,11,0.0019376819256811117,0.048952138584174285,-0.022359489158684354
vol_long,50.0,40.0,UK100,1,9,-0.040073429110203174,-0.8056919877832748,-0.04298412394491302
vol_long,50.0,40.0,DAX40,0,5,-0.043214702669562954,-1.3590816623508024,-0.050505808505851846
vol_long,50.0,40.0,UK100,2,11,-0.015223062034161017,-0.2649295109240981,-0.02943527770697474
vol_long,50.0,30.0,UK100_ETF,3,18,0.028342136096683346,0.35467601055990605,-0.03792877645145021
vol_long,50.0,40.0,UK100,3,12,-0.01206615597389793,-0.1460423919581995,-0.03699392153267467
vol_long,50.0,40.0,DAX40,1,8,-0.001669939112383112,-0.013251086153233874,-0.03829865689556966
vol_long,50.0,40.0,CAC40,0,7,-0.0230068278888228,-0.5576962238485136,-0.05967467648094282
vol_long,50.0,40.0,DAX40,2,16,0.0014003918246745517,0.03774731335516757,-0.05138307927330743
vol_long,50.0,40.0,DAX40,3,12,0.043621947193380084,0.5057462953703575,-0.029164554102367513
vol_long,50.0,40.0,CAC40,1,10,0.013344276036815428,0.22042517647624812,-0.039049136137891516
vol_long,50.0,40.0,CAC40,2,11,0.048910396046628835,0.7853316942878682,-0.022972871868110145
vol_long,50.0,40.0,IBEX35,0,7,-0.011291197413303977,-0.22878996190709672,-0.05252082451367379
vol_long,50.0,40.0,CAC40,3,11,0.02777075483829372,0.3479118413010083,-0.023117474402153726
vol_long,50.0,40.0,IBEX35,1,6,-0.006985871380101205,-0.13383437399376294,-0.03151538414332833
vol_long,50.0,40.0,FTSE250,0,3,0.002170897574138797,0.11151333288400765,-0.02095720147175839
vol_long,50.0,40.0,IBEX35,3,9,-0.032300752617334894,-0.5884635856414631,-0.047125239230803584
vol_long,50.0,40.0,FTSE250,1,8,-0.028508995689977557,-0.57447892912402,-0.03574776223435028
vol_long,50.0,40.0,IBEX35,2,8,-0.0044842218592530125,-0.09034056159496703,-0.02696909066712172
vol_long,50.0,40.0,UK100_ETF,0,6,0.016246276164419537,0.48762881941436736,-0.017502374061883708
vol_long,50.0,40.0,FTSE250,2,10,0.03779677024252148,0.6800631721773224,-0.031235852675577047
vol_long,50.0,40.0,FTSE250,3,14,-0.013862951574267424,-0.15689227237482709,-0.04824621847200594
vol_long,50.0,40.0,UK100_ETF,1,11,-0.03547904061984375,-0.5636074253542309,-0.05598001338627023
vol_long,60.0,30.0,UK100,0,10,-0.028244246912169202,-0.5536530554320194,-0.05773730058825777
vol_long,50.0,40.0,UK100_ETF,2,11,0.0019376819256811117,0.048952138584174285,-0.022359489158684354
vol_long,60.0,30.0,UK100,1,14,-0.07125024193597895,-1.15292891678014,-0.07125024193597895
vol_long,50.0,40.0,UK100_ETF,3,18,0.028342136096683346,0.35467601055990605,-0.03792877645145021
vol_long,60.0,30.0,DAX40,0,10,-0.05318841131431418,-1.1063735888768471,-0.06751764620056044
vol_long,60.0,30.0,UK100,2,21,-0.11196444736210631,-1.4509837259000689,-0.12472348583757609
vol_long,60.0,30.0,UK100,3,22,-0.04839311826648951,-0.4638018894527627,-0.06174411575218142
vol_long,60.0,30.0,DAX40,1,11,0.010524828047256074,0.17656839457313311,-0.039268318300749616
vol_long,60.0,30.0,DAX40,2,19,-0.054778197440691456,-0.823841359189857,-0.07972076719522958
vol_long,60.0,30.0,CAC40,0,9,-0.044374608340368105,-0.9835442287168157,-0.07487693698347098
vol_long,60.0,30.0,CAC40,1,13,-0.0395981511955964,-0.550842872059377,-0.05703252154921701
vol_long,60.0,30.0,DAX40,3,21,0.06430343192613197,0.5817857536018753,-0.03156651406768485
vol_long,60.0,30.0,CAC40,2,18,-0.007456245896049207,-0.08860557047090988,-0.04968314195569912
vol_long,60.0,30.0,IBEX35,0,12,-0.007935725790623516,-0.11555490339813704,-0.08268764292772401
vol_long,60.0,30.0,CAC40,3,22,-0.03601609459570987,-0.3222652821956668,-0.07655232202064255
vol_long,60.0,30.0,IBEX35,1,14,-0.023252266136598698,-0.3430980151862644,-0.050165022242875335
vol_long,60.0,30.0,IBEX35,2,15,-0.014579863288541328,-0.19007108840430628,-0.06602636242148141
vol_long,60.0,30.0,FTSE250,0,9,-0.009406182153557485,-0.17572155914398552,-0.03902497609150957
vol_long,60.0,30.0,IBEX35,3,23,-0.029017315381812625,-0.2619172991802945,-0.0798798924362123
vol_long,60.0,30.0,FTSE250,1,14,-0.03691882710483152,-0.5773275171012959,-0.0453883257753388
vol_long,60.0,30.0,UK100_ETF,0,11,-0.006365136797498949,-0.1129163374090731,-0.04704775059271782
vol_long,60.0,30.0,FTSE250,2,14,0.03322167038331569,0.4759472983023034,-0.05385814352824736
vol_long,60.0,30.0,UK100_ETF,1,17,-0.07914134311076193,-1.0790330766516696,-0.08769787370026505
vol_long,60.0,30.0,FTSE250,3,21,-0.03325353758329963,-0.30951624282384904,-0.07719423759398125
vol_long,60.0,40.0,UK100,0,10,-0.028244246912169202,-0.5536530554320194,-0.05773730058825777
vol_long,60.0,30.0,UK100_ETF,2,20,-0.06752748106427076,-0.9547045538233128,-0.08382937026855786
vol_long,60.0,40.0,UK100,1,14,-0.07125024193597895,-1.15292891678014,-0.07125024193597895
vol_long,60.0,40.0,DAX40,0,10,-0.05318841131431418,-1.1063735888768471,-0.06751764620056044
vol_long,60.0,30.0,UK100_ETF,3,27,0.010362580774156305,0.11302046030345866,-0.039936166919392835
vol_long,60.0,40.0,UK100,2,21,-0.11196444736210631,-1.4509837259000689,-0.12472348583757609
vol_long,60.0,40.0,UK100,3,22,-0.04839311826648951,-0.4638018894527627,-0.06174411575218142
vol_long,60.0,40.0,DAX40,1,11,0.010524828047256074,0.17656839457313311,-0.039268318300749616
vol_long,60.0,40.0,DAX40,2,19,-0.054778197440691456,-0.823841359189857,-0.07972076719522958
vol_long,60.0,40.0,CAC40,0,9,-0.044374608340368105,-0.9835442287168157,-0.07487693698347098
vol_long,60.0,40.0,CAC40,1,13,-0.0395981511955964,-0.550842872059377,-0.05703252154921701
vol_long,60.0,40.0,DAX40,3,21,0.06430343192613197,0.5817857536018753,-0.03156651406768485
vol_long,60.0,40.0,CAC40,2,18,-0.007456245896049207,-0.08860557047090988,-0.04968314195569912
vol_long,60.0,40.0,IBEX35,0,12,-0.007935725790623516,-0.11555490339813704,-0.08268764292772401
vol_long,60.0,40.0,IBEX35,1,14,-0.023252266136598698,-0.3430980151862644,-0.050165022242875335
vol_long,60.0,40.0,CAC40,3,22,-0.03601609459570987,-0.3222652821956668,-0.07655232202064255
vol_long,60.0,40.0,IBEX35,2,15,-0.014579863288541328,-0.19007108840430628,-0.06602636242148141
vol_long,60.0,40.0,FTSE250,0,9,-0.009406182153557485,-0.17572155914398552,-0.03902497609150957
vol_long,60.0,40.0,FTSE250,1,14,-0.03691882710483152,-0.5773275171012959,-0.0453883257753388
vol_long,60.0,40.0,IBEX35,3,23,-0.029017315381812625,-0.2619172991802945,-0.0798798924362123
vol_long,60.0,40.0,FTSE250,2,14,0.03322167038331569,0.4759472983023034,-0.05385814352824736
vol_long,60.0,40.0,UK100_ETF,0,11,-0.006365136797498949,-0.1129163374090731,-0.04704775059271782
vol_long,60.0,40.0,FTSE250,3,21,-0.03325353758329963,-0.30951624282384904,-0.07719423759398125
vol_long,60.0,40.0,UK100_ETF,1,17,-0.07914134311076193,-1.0790330766516696,-0.08769787370026505
vol_long,60.0,50.0,UK100,0,10,-0.028244246912169202,-0.5536530554320194,-0.05773730058825777
vol_long,60.0,40.0,UK100_ETF,2,20,-0.06752748106427076,-0.9547045538233128,-0.08382937026855786
vol_long,60.0,50.0,UK100,1,14,-0.06934374208758887,-1.128849810097739,-0.06934374208758887
vol_long,60.0,40.0,UK100_ETF,3,27,0.010362580774156305,0.11302046030345866,-0.039936166919392835
vol_long,60.0,50.0,UK100,2,21,-0.09890427782795708,-1.271222257527005,-0.11185096104927916
vol_long,60.0,50.0,DAX40,0,10,-0.04618363961344496,-0.9779858450283755,-0.06061888610773014
vol_long,60.0,50.0,UK100,3,22,-0.042388713029261615,-0.4065591410153883,-0.05582395202346313
vol_long,60.0,50.0,DAX40,1,11,0.010524828047256074,0.17656839457313311,-0.039268318300749616
vol_long,60.0,50.0,DAX40,2,19,-0.04542748666156626,-0.6887271390203634,-0.07061680353432709
vol_long,60.0,50.0,CAC40,0,9,-0.038247568382281716,-0.8610715219097396,-0.06894546422990022
vol_long,60.0,50.0,CAC40,1,13,-0.0395981511955964,-0.550842872059377,-0.05703252154921701
vol_long,60.0,50.0,DAX40,3,22,0.06460433627483697,0.5846991399662111,-0.03156651406768485
vol_long,60.0,50.0,IBEX35,0,12,-0.0008468436049137162,0.0007196115164911663,-0.0761329071149025
vol_long,60.0,50.0,CAC40,2,18,-0.007456245896049207,-0.08860557047090988,-0.04968314195569912
vol_long,60.0,50.0,IBEX35,1,14,-0.007194048538027298,-0.1106145742403889,-0.050165022242875335
vol_long,60.0,50.0,CAC40,3,22,-0.03601609459570987,-0.3222652821956668,-0.07655232202064255
vol_long,60.0,50.0,IBEX35,2,16,-0.023366416663375467,-0.3330874544388287,-0.06556812964662184
vol_long,60.0,50.0,FTSE250,0,9,-0.009406182153557485,-0.17572155914398552,-0.03902497609150957
vol_long,60.0,50.0,IBEX35,3,23,-0.03350462586633607,-0.3007950112197846,-0.0798798924362123
vol_long,60.0,50.0,FTSE250,1,14,-0.03691882710483152,-0.5773275171012959,-0.0453883257753388
vol_long,60.0,50.0,FTSE250,2,14,0.03491182044600283,0.5083069931858778,-0.05385814352824736
vol_long,60.0,50.0,UK100_ETF,0,11,-0.006365136797498949,-0.1129163374090731,-0.04704775059271782
vol_long,60.0,50.0,UK100_ETF,1,17,-0.0831486400147623,-1.1064870486873055,-0.0916679351846017
vol_long,60.0,50.0,FTSE250,3,22,-0.03435117728753434,-0.32066466734486826,-0.07719423759398125
vol_long,60.0,50.0,UK100_ETF,2,21,-0.07019565670454087,-0.9904435767554064,-0.08645089970448194
vol_long,70.0,30.0,UK100,0,14,-0.003324587252787392,-0.0387580671793895,-0.060948139661330614
vol_long,70.0,30.0,UK100,1,16,-0.061646496219194935,-0.9410568700278558,-0.06395106046816212
vol_long,60.0,50.0,UK100_ETF,3,27,0.014290221436402017,0.15075262214357515,-0.037673968560939075
vol_long,70.0,30.0,UK100,2,22,-0.08365725411189218,-1.0032755175994124,-0.10088374575476367
vol_long,70.0,30.0,DAX40,0,12,-0.036422486666050635,-0.6973415070967038,-0.052839663912138124
vol_long,70.0,30.0,UK100,3,30,-0.05661980438700698,-0.4370541337148559,-0.08990132185744926
vol_long,70.0,30.0,DAX40,1,13,0.020863176094336522,0.3517666338835676,-0.037631803747258274
vol_long,70.0,30.0,DAX40,2,18,-0.07839410002880087,-1.2970157829984084,-0.0904439881036474
vol_long,70.0,30.0,CAC40,0,9,-0.0382380875575109,-0.8409799685058192,-0.06893628602081492
vol_long,70.0,30.0,CAC40,2,18,-0.019613622668966824,-0.26602309479068703,-0.054596563481076776
vol_long,70.0,30.0,CAC40,1,14,-0.0008271584714546476,0.0038573646433774427,-0.05769737422995924
vol_long,70.0,30.0,DAX40,3,27,0.08698338018987295,0.6987874158328221,-0.03159622696520248
vol_long,70.0,30.0,IBEX35,0,13,-0.012898896030019702,-0.19670215550941905,-0.08301867809843977
vol_long,70.0,30.0,IBEX35,2,17,-0.036617105478470746,-0.5037288366984859,-0.07870853108826215
vol_long,70.0,30.0,IBEX35,1,15,0.006412509086696883,0.11852939468820431,-0.03854796503170799
vol_long,70.0,30.0,CAC40,3,30,-0.05059921163323833,-0.42442416410155814,-0.07435118501103843
vol_long,70.0,30.0,FTSE250,0,13,6.848772489842503e-05,0.016586543664750004,-0.039403030357025415
vol_long,70.0,30.0,FTSE250,1,16,0.012697311216194329,0.20194308366362526,-0.0495586530198876
vol_long,70.0,30.0,FTSE250,2,16,0.009525768002013768,0.14524619458985427,-0.0747901368941617
vol_long,70.0,30.0,IBEX35,3,29,0.04684535017759761,0.38753523835753506,-0.062051305824059266
vol_long,70.0,30.0,UK100_ETF,0,15,0.030446443574903892,0.4983244667154337,-0.041457445275985716
vol_long,70.0,30.0,UK100_ETF,1,18,-0.05878414133054122,-0.7824406498288365,-0.07585401349496435
vol_long,70.0,30.0,UK100_ETF,2,21,-0.06189199106209986,-0.8699143733733689,-0.07509153325547735
vol_long,70.0,30.0,FTSE250,3,33,-0.016213233333706722,-0.09682059609056051,-0.07354482452930167
vol_long,70.0,40.0,UK100,0,14,-0.003324587252787392,-0.0387580671793895,-0.060948139661330614
vol_long,70.0,40.0,UK100,1,16,-0.061646496219194935,-0.9410568700278558,-0.06395106046816212
vol_long,70.0,30.0,UK100_ETF,3,29,-0.028765694288336308,-0.26881943523317076,-0.05670653610540699
vol_long,70.0,40.0,UK100,2,22,-0.08365725411189218,-1.0032755175994124,-0.10088374575476367
vol_long,70.0,40.0,DAX40,0,12,-0.036422486666050635,-0.6973415070967038,-0.052839663912138124
vol_long,70.0,40.0,DAX40,1,13,0.020863176094336522,0.3517666338835676,-0.037631803747258274
vol_long,70.0,40.0,UK100,3,30,-0.05661980438700698,-0.4370541337148559,-0.08990132185744926
vol_long,70.0,40.0,DAX40,2,18,-0.07839410002880087,-1.2970157829984084,-0.0904439881036474
vol_long,70.0,40.0,CAC40,0,9,-0.0382380875575109,-0.8409799685058192,-0.06893628602081492
vol_long,70.0,40.0,CAC40,1,14,-0.0008271584714546476,0.0038573646433774427,-0.05769737422995924
vol_long,70.0,40.0,CAC40,2,18,-0.019613622668966824,-0.26602309479068703,-0.054596563481076776
vol_long,70.0,40.0,DAX40,3,27,0.08698338018987295,0.6987874158328221,-0.03159622696520248
vol_long,70.0,40.0,IBEX35,0,13,-0.012898896030019702,-0.19670215550941905,-0.08301867809843977
vol_long,70.0,40.0,IBEX35,2,17,-0.036617105478470746,-0.5037288366984859,-0.07870853108826215
vol_long,70.0,40.0,IBEX35,1,15,0.006412509086696883,0.11852939468820431,-0.03854796503170799
vol_long,70.0,40.0,CAC40,3,30,-0.05059921163323833,-0.42442416410155814,-0.07435118501103843
vol_long,70.0,40.0,FTSE250,0,13,6.848772489842503e-05,0.016586543664750004,-0.039403030357025415
vol_long,70.0,40.0,FTSE250,1,16,0.012697311216194329,0.20194308366362526,-0.0495586530198876
vol_long,70.0,40.0,IBEX35,3,29,0.04684535017759761,0.38753523835753506,-0.062051305824059266
vol_long,70.0,40.0,FTSE250,2,16,0.009525768002013768,0.14524619458985427,-0.0747901368941617
vol_long,70.0,40.0,UK100_ETF,0,15,0.030446443574903892,0.4983244667154337,-0.041457445275985716
vol_long,70.0,40.0,UK100_ETF,1,18,-0.05878414133054122,-0.7824406498288365,-0.07585401349496435
vol_long,70.0,40.0,UK100_ETF,2,21,-0.06189199106209986,-0.8699143733733689,-0.07509153325547735
vol_long,70.0,40.0,FTSE250,3,33,-0.016213233333706722,-0.09682059609056051,-0.07354482452930167
vol_long,70.0,50.0,UK100,0,14,-0.003324587252787392,-0.0387580671793895,-0.060948139661330614
vol_long,70.0,50.0,UK100,1,16,-0.061646496219194935,-0.9410568700278558,-0.06395106046816212
vol_long,70.0,40.0,UK100_ETF,3,29,-0.028765694288336308,-0.26881943523317076,-0.05670653610540699
vol_long,70.0,50.0,DAX40,0,12,-0.036422486666050635,-0.6973415070967038,-0.052839663912138124
vol_long,70.0,50.0,UK100,2,22,-0.08365725411189218,-1.0032755175994124,-0.10088374575476367
vol_long,70.0,50.0,DAX40,1,13,0.020863176094336522,0.3517666338835676,-0.037631803747258274
vol_long,70.0,50.0,UK100,3,30,-0.05661980438700698,-0.4370541337148559,-0.08990132185744926
vol_long,70.0,50.0,DAX40,2,18,-0.07839410002880087,-1.2970157829984084,-0.0904439881036474
vol_long,70.0,50.0,CAC40,0,9,-0.0382380875575109,-0.8409799685058192,-0.06893628602081492
vol_long,70.0,50.0,CAC40,1,14,-0.0008271584714546476,0.0038573646433774427,-0.05769737422995924
vol_long,70.0,50.0,DAX40,3,28,0.0850252558133131,0.6844998534349054,-0.03159622696520248
vol_long,70.0,50.0,CAC40,2,18,-0.019613622668966824,-0.26602309479068703,-0.054596563481076776
vol_long,70.0,50.0,IBEX35,0,13,-0.012898896030019702,-0.19670215550941905,-0.08301867809843977
vol_long,70.0,50.0,IBEX35,2,17,-0.036617105478470746,-0.5037288366984859,-0.07870853108826215
vol_long,70.0,50.0,IBEX35,1,15,0.006412509086696883,0.11852939468820431,-0.03854796503170799
vol_long,70.0,50.0,CAC40,3,30,-0.05059921163323833,-0.42442416410155814,-0.07435118501103843
vol_long,70.0,50.0,FTSE250,0,13,6.848772489842503e-05,0.016586543664750004,-0.039403030357025415
vol_long,70.0,50.0,FTSE250,1,16,0.012697311216194329,0.20194308366362526,-0.0495586530198876
vol_long,70.0,50.0,FTSE250,2,16,0.009525768002013768,0.14524619458985427,-0.0747901368941617
vol_long,70.0,50.0,IBEX35,3,29,0.04684535017759761,0.38753523835753506,-0.062051305824059266
vol_long,70.0,50.0,UK100_ETF,0,15,0.030446443574903892,0.4983244667154337,-0.041457445275985716
vol_long,70.0,50.0,UK100_ETF,1,18,-0.05878414133054122,-0.7824406498288365,-0.07585401349496435
risk_long,50.0,30.0,UK100,0,0,0.0,0.0,0.0
risk_long,50.0,30.0,UK100,1,0,0.0,0.0,0.0
risk_long,50.0,30.0,UK100,2,0,0.0,0.0,0.0
risk_long,50.0,30.0,UK100,3,0,0.0,0.0,0.0
risk_long,50.0,30.0,DAX40,0,0,0.0,0.0,0.0
risk_long,50.0,30.0,DAX40,1,0,0.0,0.0,0.0
vol_long,70.0,50.0,UK100_ETF,2,21,-0.06189199106209986,-0.8699143733733689,-0.07509153325547735
risk_long,50.0,30.0,DAX40,2,0,0.0,0.0,0.0
risk_long,50.0,30.0,DAX40,3,0,0.0,0.0,0.0
risk_long,50.0,30.0,CAC40,0,0,0.0,0.0,0.0
risk_long,50.0,30.0,CAC40,1,0,0.0,0.0,0.0
risk_long,50.0,30.0,CAC40,2,0,0.0,0.0,0.0
risk_long,50.0,30.0,CAC40,3,0,0.0,0.0,0.0
vol_long,70.0,50.0,FTSE250,3,33,-0.0078942959854994,-0.037991869865718016,-0.07354482452930167
risk_long,50.0,30.0,IBEX35,1,0,0.0,0.0,0.0
risk_long,50.0,30.0,IBEX35,2,0,0.0,0.0,0.0
risk_long,50.0,30.0,IBEX35,0,0,0.0,0.0,0.0
risk_long,50.0,30.0,FTSE250,0,0,0.0,0.0,0.0
risk_long,50.0,30.0,IBEX35,3,0,0.0,0.0,0.0
risk_long,50.0,30.0,FTSE250,2,0,0.0,0.0,0.0
risk_long,50.0,30.0,FTSE250,1,0,0.0,0.0,0.0
risk_long,50.0,30.0,UK100_ETF,0,0,0.0,0.0,0.0
risk_long,50.0,30.0,UK100_ETF,1,0,0.0,0.0,0.0
risk_long,50.0,30.0,UK100_ETF,2,0,0.0,0.0,0.0
risk_long,50.0,40.0,UK100,0,0,0.0,0.0,0.0
risk_long,50.0,30.0,UK100_ETF,3,0,0.0,0.0,0.0
risk_long,50.0,40.0,UK100,1,0,0.0,0.0,0.0
risk_long,50.0,30.0,FTSE250,3,0,0.0,0.0,0.0
risk_long,50.0,40.0,UK100,2,0,0.0,0.0,0.0
risk_long,50.0,40.0,DAX40,1,0,0.0,0.0,0.0
risk_long,50.0,40.0,UK100,3,0,0.0,0.0,0.0
risk_long,50.0,40.0,DAX40,2,0,0.0,0.0,0.0
risk_long,50.0,40.0,DAX40,0,0,0.0,0.0,0.0
risk_long,50.0,40.0,CAC40,0,0,0.0,0.0,0.0
risk_long,50.0,40.0,DAX40,3,0,0.0,0.0,0.0
risk_long,50.0,40.0,CAC40,2,0,0.0,0.0,0.0
risk_long,50.0,40.0,CAC40,1,0,0.0,0.0,0.0
risk_long,50.0,40.0,IBEX35,0,0,0.0,0.0,0.0
risk_long,50.0,40.0,IBEX35,1,0,0.0,0.0,0.0
risk_long,50.0,40.0,IBEX35,2,0,0.0,0.0,0.0
risk_long,50.0,40.0,CAC40,3,0,0.0,0.0,0.0
risk_long,50.0,40.0,FTSE250,0,0,0.0,0.0,0.0
risk_long,50.0,40.0,FTSE250,1,0,0.0,0.0,0.0
risk_long,50.0,40.0,FTSE250,2,0,0.0,0.0,0.0
risk_long,50.0,40.0,IBEX35,3,0,0.0,0.0,0.0
risk_long,50.0,40.0,FTSE250,3,0,0.0,0.0,0.0
risk_long,50.0,40.0,UK100_ETF,1,0,0.0,0.0,0.0
risk_long,50.0,40.0,UK100_ETF,0,0,0.0,0.0,0.0
risk_long,50.0,40.0,UK100_ETF,2,0,0.0,0.0,0.0
risk_long,60.0,30.0,UK100,0,0,0.0,0.0,0.0
risk_long,60.0,30.0,UK100,1,0,0.0,0.0,0.0
risk_long,60.0,30.0,UK100,2,0,0.0,0.0,0.0
risk_long,50.0,40.0,UK100_ETF,3,0,0.0,0.0,0.0
risk_long,60.0,30.0,DAX40,0,0,0.0,0.0,0.0
risk_long,60.0,30.0,DAX40,1,0,0.0,0.0,0.0
risk_long,60.0,30.0,DAX40,2,0,0.0,0.0,0.0
risk_long,60.0,30.0,UK100,3,0,0.0,0.0,0.0
risk_long,60.0,30.0,DAX40,3,0,0.0,0.0,0.0
risk_long,60.0,30.0,CAC40,1,0,0.0,0.0,0.0
risk_long,60.0,30.0,CAC40,2,0,0.0,0.0,0.0
risk_long,60.0,30.0,CAC40,0,0,0.0,0.0,0.0
risk_long,60.0,30.0,IBEX35,0,0,0.0,0.0,0.0
risk_long,60.0,30.0,CAC40,3,0,0.0,0.0,0.0
risk_long,60.0,30.0,IBEX35,2,0,0.0,0.0,0.0
risk_long,60.0,30.0,IBEX35,1,0,0.0,0.0,0.0
risk_long,60.0,30.0,FTSE250,0,0,0.0,0.0,0.0
risk_long,60.0,30.0,IBEX35,3,0,0.0,0.0,0.0
risk_long,60.0,30.0,FTSE250,1,0,0.0,0.0,0.0
risk_long,60.0,30.0,FTSE250,2,0,0.0,0.0,0.0
risk_long,60.0,30.0,UK100_ETF,1,0,0.0,0.0,0.0
risk_long,60.0,30.0,FTSE250,3,0,0.0,0.0,0.0
risk_long,60.0,30.0,UK100_ETF,2,0,0.0,0.0,0.0
risk_long,60.0,40.0,UK100,0,0,0.0,0.0,0.0
risk_long,60.0,30.0,UK100_ETF,3,0,0.0,0.0,0.0
risk_long,60.0,30.0,UK100_ETF,0,0,0.0,0.0,0.0
risk_long,60.0,40.0,UK100,1,0,0.0,0.0,0.0
risk_long,60.0,40.0,UK100,2,0,0.0,0.0,0.0
risk_long,60.0,40.0,DAX40,1,0,0.0,0.0,0.0
risk_long,60.0,40.0,DAX40,0,0,0.0,0.0,0.0
risk_long,60.0,40.0,UK100,3,0,0.0,0.0,0.0
risk_long,60.0,40.0,DAX40,2,0,0.0,0.0,0.0
risk_long,60.0,40.0,CAC40,1,0,0.0,0.0,0.0
risk_long,60.0,40.0,DAX40,3,0,0.0,0.0,0.0
risk_long,60.0,40.0,CAC40,0,0,0.0,0.0,0.0
risk_long,60.0,40.0,CAC40,2,0,0.0,0.0,0.0
risk_long,60.0,40.0,IBEX35,0,0,0.0,0.0,0.0
risk_long,60.0,40.0,IBEX35,1,0,0.0,0.0,0.0
risk_long,60.0,40.0,CAC40,3,0,0.0,0.0,0.0
risk_long,60.0,40.0,IBEX35,2,0,0.0,0.0,0.0
risk_long,60.0,40.0,FTSE250,0,0,0.0,0.0,0.0
risk_long,60.0,40.0,FTSE250,1,0,0.0,0.0,0.0
risk_long,60.0,40.0,IBEX35,3,0,0.0,0.0,0.0
risk_long,60.0,40.0,FTSE250,2,0,0.0,0.0,0.0
risk_long,60.0,40.0,UK100_ETF,0,0,0.0,0.0,0.0
risk_long,60.0,40.0,UK100_ETF,1,0,0.0,0.0,0.0
vol_long,70.0,50.0,UK100_ETF,3,29,-0.028765694288336308,-0.26881943523317076,-0.05670653610540699
risk_long,60.0,40.0,UK100_ETF,2,0,0.0,0.0,0.0
risk_long,60.0,40.0,FTSE250,3,0,0.0,0.0,0.0
risk_long,60.0,50.0,UK100,0,0,0.0,0.0,0.0
risk_long,60.0,50.0,UK100,1,0,0.0,0.0,0.0
risk_long,60.0,50.0,UK100,2,0,0.0,0.0,0.0
risk_long,60.0,40.0,UK100_ETF,3,0,0.0,0.0,0.0
risk_long,60.0,50.0,DAX40,0,0,0.0,0.0,0.0
risk_long,60.0,50.0,DAX40,1,0,0.0,0.0,0.0
risk_long,60.0,50.0,DAX40,2,0,0.0,0.0,0.0
risk_long,60.0,50.0,UK100,3,0,0.0,0.0,0.0
risk_long,60.0,50.0,CAC40,0,0,0.0,0.0,0.0
risk_long,60.0,50.0,CAC40,1,0,0.0,0.0,0.0
risk_long,60.0,50.0,CAC40,2,0,0.0,0.0,0.0
risk_long,60.0,50.0,DAX40,3,0,0.0,0.0,0.0
risk_long,60.0,50.0,IBEX35,1,0,0.0,0.0,0.0
risk_long,60.0,50.0,IBEX35,2,0,0.0,0.0,0.0
risk_long,60.0,50.0,CAC40,3,0,0.0,0.0,0.0
risk_long,60.0,50.0,IBEX35,0,0,0.0,0.0,0.0
risk_long,60.0,50.0,FTSE250,1,0,0.0,0.0,0.0
risk_long,60.0,50.0,IBEX35,3,0,0.0,0.0,0.0
risk_long,60.0,50.0,FTSE250,2,0,0.0,0.0,0.0
risk_long,60.0,50.0,FTSE250,0,0,0.0,0.0,0.0
risk_long,60.0,50.0,UK100_ETF,0,0,0.0,0.0,0.0
risk_long,60.0,50.0,UK100_ETF,1,0,0.0,0.0,0.0
risk_long,60.0,50.0,FTSE250,3,0,0.0,0.0,0.0
risk_long,70.0,30.0,UK100,0,0,0.0,0.0,0.0
risk_long,60.0,50.0,UK100_ETF,2,0,0.0,0.0,0.0
risk_long,70.0,30.0,UK100,1,0,0.0,0.0,0.0
risk_long,60.0,50.0,UK100_ETF,3,0,0.0,0.0,0.0
risk_long,70.0,30.0,UK100,2,0,0.0,0.0,0.0
risk_long,70.0,30.0,DAX40,0,0,0.0,0.0,0.0
risk_long,70.0,30.0,DAX40,1,0,0.0,0.0,0.0
risk_long,70.0,30.0,DAX40,2,0,0.0,0.0,0.0
risk_long,70.0,30.0,UK100,3,0,0.0,0.0,0.0
risk_long,70.0,30.0,CAC40,0,0,0.0,0.0,0.0
risk_long,70.0,30.0,CAC40,1,0,0.0,0.0,0.0
risk_long,70.0,30.0,CAC40,2,0,0.0,0.0,0.0
risk_long,70.0,30.0,IBEX35,0,0,0.0,0.0,0.0
risk_long,70.0,30.0,IBEX35,1,0,0.0,0.0,0.0
risk_long,70.0,30.0,IBEX35,2,0,0.0,0.0,0.0
risk_long,70.0,30.0,CAC40,3,0,0.0,0.0,0.0
risk_long,70.0,30.0,DAX40,3,0,0.0,0.0,0.0
risk_long,70.0,30.0,FTSE250,0,0,0.0,0.0,0.0
risk_long,70.0,30.0,FTSE250,1,0,0.0,0.0,0.0
risk_long,70.0,30.0,FTSE250,2,0,0.0,0.0,0.0
risk_long,70.0,30.0,UK100_ETF,1,0,0.0,0.0,0.0
risk_long,70.0,30.0,FTSE250,3,0,0.0,0.0,0.0
risk_long,70.0,30.0,UK100_ETF,0,0,0.0,0.0,0.0
risk_long,70.0,30.0,UK100_ETF,2,0,0.0,0.0,0.0
risk_long,70.0,30.0,IBEX35,3,0,0.0,0.0,0.0
risk_long,70.0,40.0,UK100,1,0,0.0,0.0,0.0
risk_long,70.0,40.0,UK100,0,0,0.0,0.0,0.0
risk_long,70.0,30.0,UK100_ETF,3,0,0.0,0.0,0.0
risk_long,70.0,40.0,UK100,2,0,0.0,0.0,0.0
risk_long,70.0,40.0,DAX40,0,0,0.0,0.0,0.0
risk_long,70.0,40.0,DAX40,1,0,0.0,0.0,0.0
risk_long,70.0,40.0,DAX40,2,0,0.0,0.0,0.0
risk_long,70.0,40.0,UK100,3,0,0.0,0.0,0.0
risk_long,70.0,40.0,CAC40,0,0,0.0,0.0,0.0
risk_long,70.0,40.0,CAC40,1,0,0.0,0.0,0.0
risk_long,70.0,40.0,CAC40,2,0,0.0,0.0,0.0
risk_long,70.0,40.0,DAX40,3,0,0.0,0.0,0.0
risk_long,70.0,40.0,IBEX35,0,0,0.0,0.0,0.0
risk_long,70.0,40.0,IBEX35,1,0,0.0,0.0,0.0
risk_long,70.0,40.0,CAC40,3,0,0.0,0.0,0.0
risk_long,70.0,40.0,IBEX35,2,0,0.0,0.0,0.0
risk_long,70.0,40.0,FTSE250,0,0,0.0,0.0,0.0
risk_long,70.0,40.0,FTSE250,1,0,0.0,0.0,0.0
risk_long,70.0,40.0,FTSE250,2,0,0.0,0.0,0.0
risk_long,70.0,40.0,IBEX35,3,0,0.0,0.0,0.0
risk_long,70.0,40.0,UK100_ETF,0,0,0.0,0.0,0.0
risk_long,70.0,40.0,UK100_ETF,1,0,0.0,0.0,0.0
risk_long,70.0,40.0,UK100_ETF,2,0,0.0,0.0,0.0
risk_long,70.0,40.0,FTSE250,3,0,0.0,0.0,0.0
risk_long,70.0,50.0,UK100,0,0,0.0,0.0,0.0
risk_long,70.0,50.0,UK100,1,0,0.0,0.0,0.0
risk_long,70.0,50.0,UK100,2,0,0.0,0.0,0.0
risk_long,70.0,40.0,UK100_ETF,3,0,0.0,0.0,0.0
risk_long,70.0,50.0,DAX40,0,0,0.0,0.0,0.0
risk_long,70.0,50.0,DAX40,1,0,0.0,0.0,0.0
risk_long,70.0,50.0,UK100,3,0,0.0,0.0,0.0
risk_long,70.0,50.0,DAX40,2,0,0.0,0.0,0.0
risk_long,70.0,50.0,CAC40,0,0,0.0,0.0,0.0
risk_long,70.0,50.0,CAC40,1,0,0.0,0.0,0.0
risk_long,70.0,50.0,CAC40,2,0,0.0,0.0,0.0
risk_long,70.0,50.0,DAX40,3,0,0.0,0.0,0.0
risk_long,70.0,50.0,IBEX35,0,0,0.0,0.0,0.0
risk_long,70.0,50.0,IBEX35,1,0,0.0,0.0,0.0
risk_long,70.0,50.0,IBEX35,2,0,0.0,0.0,0.0
risk_long,70.0,50.0,CAC40,3,0,0.0,0.0,0.0
risk_long,70.0,50.0,FTSE250,1,0,0.0,0.0,0.0
risk_long,70.0,50.0,FTSE250,0,0,0.0,0.0,0.0
risk_long,70.0,50.0,IBEX35,3,0,0.0,0.0,0.0
risk_long,70.0,50.0,FTSE250,2,0,0.0,0.0,0.0
risk_long,70.0,50.0,UK100_ETF,0,0,0.0,0.0,0.0
risk_long,70.0,50.0,UK100_ETF,1,0,0.0,0.0,0.0
risk_long,70.0,50.0,FTSE250,3,0,0.0,0.0,0.0
risk_long,70.0,50.0,UK100_ETF,2,0,0.0,0.0,0.0
risk_long,70.0,50.0,UK100_ETF,3,0,0.0,0.0,0.0
