arm,long_thr,exit_thr,n_symbols,n_pos_oos_sharpe,n_pos_oos_return,n_dd_under_35pct,mean_oos_sharpe,median_oos_sharpe,mean_oos_return,mean_oos_dd,total_n_trades,robustness_score,phase
vol_long,50.0,40.0,6,3,3,6,-0.07035706430266413,-0.09607922952700353,-0.0016834905353270656,-0.03620820426517315,227,0.6000000000000001,phase1_walkforward
vol_long,50.0,30.0,6,3,3,6,-0.07035706430266413,-0.09607922952700353,-0.0016834905353270656,-0.03620820426517315,227,0.6000000000000001,phase1_walkforward
confidence_long,50.0,30.0,6,2,3,6,-0.09726909071547639,-0.12469853426535774,-0.0025542282277758316,-0.05028450242424674,383,0.5333333333333334,phase1_walkforward
confidence_long,50.0,40.0,6,2,3,6,-0.04852662125090091,-0.05886976976528176,0.001067130419645651,-0.0472666935822208,397,0.5333333333333334,phase1_walkforward
trend_long,70.0,50.0,6,2,2,6,-0.33578674475599907,-0.38626605659498825,-0.021051527716613793,-0.04949832557289574,289,0.4666666666666667,phase1_walkforward
trend_long,70.0,40.0,6,2,2,6,-0.36332622444532703,-0.39523242860508395,-0.022615354983870017,-0.05067286845551969,287,0.4666666666666667,phase1_walkforward
trend_long,70.0,30.0,6,2,2,6,-0.3776103319621516,-0.42555199093585366,-0.02369826207637867,-0.051386025860297856,287,0.4666666666666667,phase1_walkforward
trend_long,60.0,50.0,6,2,2,6,-0.09344197824692861,-0.10169985190441866,-0.005045270722068174,-0.03982584906059938,263,0.4666666666666667,phase1_walkforward
vol_long,70.0,40.0,6,1,2,6,-0.26007411736289004,-0.29583165401233313,-0.017944643518898493,-0.06385458384114673,458,0.4,phase1_walkforward
vol_long,70.0,30.0,6,1,2,6,-0.26007411736289004,-0.29583165401233313,-0.017944643518898493,-0.06385458384114673,458,0.4,phase1_walkforward
trend_long,60.0,40.0,6,1,2,6,-0.13812537689474633,-0.14643523254930668,-0.007443905043703199,-0.04182913696426704,254,0.4,phase1_walkforward
trend_long,60.0,30.0,6,1,2,6,-0.14844610713221704,-0.18066212903578094,-0.008171202625753729,-0.042202119402854975,252,0.4,phase1_walkforward
vol_long,70.0,50.0,6,1,2,6,-0.2582182355367682,-0.2976175993120727,-0.01767960964507985,-0.06385458384114673,459,0.4,phase1_walkforward
trend_long,50.0,30.0,6,1,1,6,-0.11703429009105204,-0.1819251294580554,-0.007530445658788266,-0.039081141602965545,235,0.33333333333333337,phase1_walkforward
confidence_long,60.0,30.0,6,1,1,6,-0.6041565994306076,-0.7243555994151275,-0.0449805053860163,-0.07449740227186798,500,0.33333333333333337,phase1_walkforward
confidence_long,60.0,40.0,6,1,1,6,-0.5948394074886586,-0.7123536407902844,-0.04482349369035902,-0.07432519455652258,501,0.33333333333333337,phase1_walkforward
trend_long,50.0,40.0,6,1,1,6,-0.09049649826141466,-0.1619200769268567,-0.005861281585467393,-0.037269159928879504,246,0.33333333333333337,phase1_walkforward
confidence_long,60.0,50.0,6,1,1,6,-0.5521771859161865,-0.6618474380167766,-0.03947251016060332,-0.06798063575923473,529,0.33333333333333337,phase1_walkforward
momentum_long,50.0,40.0,6,1,1,6,-0.30577524303029413,-0.3264680230853482,-0.026634300753406354,-0.06768507584404514,911,0.33333333333333337,phase1_walkforward
confidence_long,70.0,50.0,6,0,0,6,-0.8567001906132742,-0.9536027862674141,-0.06493238264446911,-0.08838807359212923,580,0.2,phase1_walkforward
momentum_long,60.0,40.0,6,0,0,6,-0.5589961534578612,-0.5912996290261834,-0.04811470938093948,-0.08204117936926038,802,0.2,phase1_walkforward
momentum_long,60.0,30.0,6,0,0,6,-0.6643869343582515,-0.6893058891800206,-0.058231122698221706,-0.08895162741444333,781,0.2,phase1_walkforward
momentum_long,50.0,30.0,6,0,0,6,-0.428863482450073,-0.4878969564684784,-0.038669134683723426,-0.0782143311220551,840,0.2,phase1_walkforward
momentum_long,70.0,30.0,6,0,0,6,-0.7666118295101091,-0.7054734307018307,-0.05954635829519081,-0.09132075338356115,700,0.2,phase1_walkforward
confidence_long,70.0,40.0,6,0,0,6,-0.8755910460763512,-0.9789608374233462,-0.06682182181550907,-0.08931400728741591,575,0.2,phase1_walkforward
structure_long,70.0,50.0,6,0,0,6,0.0,0.0,0.0,0.0,0,0.2,phase1_walkforward
vol_long,60.0,30.0,6,0,0,6,-0.42789079897566173,-0.38963984416680814,-0.0285103721058504,-0.06435037820356466,387,0.2,phase1_walkforward
vol_long,60.0,40.0,6,0,0,6,-0.42789079897566173,-0.38963984416680814,-0.0285103721058504,-0.06435037820356466,387,0.2,phase1_walkforward
vol_long,60.0,50.0,6,0,0,6,-0.39403306165467633,-0.341028837018136,-0.026365688113854386,-0.06246217149945704,391,0.2,phase1_walkforward
confidence_long,70.0,30.0,6,0,0,6,-0.8837291763111939,-0.987443308900455,-0.06758803231875649,-0.08990942506947679,575,0.2,phase1_walkforward
structure_long,70.0,40.0,6,0,0,6,0.0,0.0,0.0,0.0,0,0.2,phase1_walkforward
momentum_long,70.0,40.0,6,0,0,6,-0.6476422572181938,-0.5627604177005998,-0.049421509618661784,-0.08189584774915681,712,0.2,phase1_walkforward
risk_long,70.0,30.0,6,0,0,6,0.0,0.0,0.0,0.0,0,0.2,phase1_walkforward
momentum_long,70.0,50.0,6,0,0,6,-0.5372369721914274,-0.39865652285069525,-0.038915561021576596,-0.07504587832010719,745,0.2,phase1_walkforward
risk_long,50.0,30.0,6,0,0,6,0.0,0.0,0.0,0.0,0,0.2,phase1_walkforward
risk_long,50.0,40.0,6,0,0,6,0.0,0.0,0.0,0.0,0,0.2,phase1_walkforward
risk_long,60.0,30.0,6,0,0,6,0.0,0.0,0.0,0.0,0,0.2,phase1_walkforward
risk_long,60.0,40.0,6,0,0,6,0.0,0.0,0.0,0.0,0,0.2,phase1_walkforward
risk_long,60.0,50.0,6,0,0,6,0.0,0.0,0.0,0.0,0,0.2,phase1_walkforward
risk_long,70.0,40.0,6,0,0,6,0.0,0.0,0.0,0.0,0,0.2,phase1_walkforward
structure_long,70.0,30.0,6,0,0,6,0.0,0.0,0.0,0.0,0,0.2,phase1_walkforward
risk_long,70.0,50.0,6,0,0,6,0.0,0.0,0.0,0.0,0,0.2,phase1_walkforward
momentum_long,60.0,50.0,6,0,0,6,-0.43479647423323026,-0.3930090298636387,-0.03590288154389923,-0.07361607282879372,889,0.2,phase1_walkforward
structure_long,50.0,40.0,6,0,0,6,-0.9163786620557612,-0.9106165343959398,-0.07555819129017038,-0.09512711797070321,683,0.2,phase1_walkforward
structure_long,60.0,30.0,6,0,0,6,-0.9038599730904034,-0.9215214196547449,-0.07826284271470012,-0.10211587551104177,662,0.2,phase1_walkforward
structure_long,60.0,40.0,6,0,0,6,-0.9163786620557612,-0.9106165343959398,-0.07555819129017038,-0.09512711797070321,683,0.2,phase1_walkforward
structure_long,60.0,50.0,6,0,0,6,-0.9163786620557612,-0.9106165343959398,-0.07555819129017038,-0.09512711797070321,683,0.2,phase1_walkforward
structure_long,50.0,30.0,6,0,0,6,-0.9038599730904034,-0.9215214196547449,-0.07826284271470012,-0.10211587551104177,662,0.2,phase1_walkforward
